1.064390307540000052e-01,-7.605900994040000473e-02,-8.941902291359999921e-01,-1.582114886890000072e-01
1.065042409390000028e-01,7.181518669269999489e-01,-3.440570379869999917e-01,9.515029625119999501e-01
1.083671944059999975e-01,-9.182026013319999347e-02,1.552458216110000011e+00,1.193896580349999903e+00
1.288200459249999874e-01,-2.450382965879999986e-01,2.927537827540000137e+00,1.369272579500000031e+00
1.671446672959999991e-01,-4.429465230790000096e-02,2.013959070309999877e+00,1.649485460610000009e+00
1.624641929310000066e-01,-3.307447621760000178e-01,1.147069580159999935e+00,1.515382657580000014e+00
1.506673872759999866e-01,-6.086466677229999955e-02,8.242290320720000452e-01,1.111243450319999937e+00
2.294126729500000073e-01,-3.175668031650000223e-01,2.251039945449999913e-01,1.025979762359999992e+00
5.156196556359999850e-01,-1.323683705220000117e-01,-1.089853586580000061e-01,1.097893310899999975e+00
8.351606268029999613e-01,-2.363335653030000094e-01,-2.538528831589999951e-02,8.723096280019999593e-01
8.160900379459999909e-01,-3.391833375450000188e-01,2.794084078779999758e-01,6.551626580549999579e-01
6.680591779650000284e-01,-2.707746408780000169e-01,2.378193970249999900e-01,4.402670300689999761e-01
5.760592156239999762e-01,-3.007245222850000177e-01,-2.915001447190000011e-02,1.955599143810000107e-01
4.680106435840000190e-01,-2.858832427469999993e-01,-2.478113693840000020e-01,-3.641056882290000241e-02
3.804492176459999819e-01,-6.827645488579999755e-01,-4.445848270339999853e-01,-3.143311309879999738e-01
3.465908347880000129e-01,-2.443864021970000022e-01,-5.446684470560000380e-01,-5.406635577520000346e-01
3.856245463929999784e-01,-4.220544793089999747e-01,-6.504935964689999572e-01,-7.043100363800000041e-01
3.958804273820000219e-01,-3.648081202859999816e+00,-7.110812805730000186e-01,-8.351437685899999464e-01
3.483700225890000168e-01,-1.507259611350000084e+00,-7.127074627610000546e-01,-9.580158953380000231e-01
3.037432771210000215e-01,2.348159063100000221e+00,-7.242982090509999527e-01,-1.063001468409999983e+00
2.619176941199999886e-01,-2.622347594850000241e-01,-7.345418587180000403e-01,-1.205122868669999958e+00
2.365922458509999993e-01,8.555451482400000529e-01,-7.830186243190000450e-01,-1.287422783350000044e+00
2.272743847189999944e-01,1.138810175099999933e+00,-8.676712875330000463e-01,-7.831511314100000343e-01
2.260831199320000040e-01,7.326002104550000116e-01,-8.028111999429999868e-01,4.743453854019999971e-01
2.253680173679999954e-01,1.182721423420000084e+00,2.720074929999999891e-01,1.275584593780000109e+00
2.299851449310000018e-01,-6.343904694259999699e-02,2.403821650539999855e+00,1.346733389089999955e+00
2.410410215690000080e-01,3.930252469170000262e-01,2.829696527799999917e+00,1.615032503299999922e+00
2.418130120349999967e-01,2.409158258649999884e-01,1.590052778380000031e+00,1.795035764120000099e+00
2.363171559120000043e-01,3.033412287330000123e-01,1.110186893709999900e+00,1.468335011179999983e+00
2.415616376539999888e-01,5.384896565669999857e-01,6.900764507829999506e-01,1.040189760819999920e+00
3.776094694980000055e-01,2.709579483130000188e-01,1.009728261959999956e-01,1.022808903899999899e+00
7.336375278129999566e-01,4.443225764789999754e-01,-1.661580696240000099e-01,9.748793615859999706e-01
9.457489856940000106e-01,1.776693700380000129e-01,-1.149424135709999940e-02,6.747817107019999927e-01
8.334635298829999872e-01,2.600415227589999989e-01,2.436745903260000012e-01,4.570900330850000137e-01
7.140391637420000492e-01,2.556602836860000227e-01,8.421569113320000188e-02,1.742437662080000005e-01
6.290200902120000048e-01,1.610565696400000080e-01,-1.676310698619999928e-01,-9.075966187730000190e-02
5.196141083240000125e-01,8.055624444690000219e-02,-4.044359550919999768e-01,-3.412884929409999990e-01
4.281139841520000267e-01,-3.227017566479999933e-01,-5.741854464019999771e-01,-6.043735359499999849e-01
4.074376887789999957e-01,8.059715941669999550e-02,-6.559577217980000485e-01,-7.809650108810000102e-01
4.436850729499999813e-01,-2.110270805960000051e-01,-7.383573273839999507e-01,-9.455234334090000248e-01
4.304240730839999918e-01,-3.322062805899999915e+00,-7.586182500620000102e-01,-1.069288059830000082e+00
3.786082775140000023e-01,-1.260417318440000045e+00,-7.841913521259999964e-01,-1.167058154350000043e+00
3.241694388799999937e-01,2.268511972689999823e+00,-7.986343077949999980e-01,-1.277001068959999985e+00
2.733807719420000004e-01,-2.755830916750000026e-01,-8.057625225369999811e-01,-1.418684243800000022e+00
2.384796610909999948e-01,7.799066314529999877e-01,-8.523384384690000370e-01,-1.502726367850000022e+00
2.182420862870000089e-01,9.384975810269999830e-01,-9.355771078610000124e-01,-1.034984979220000101e+00
2.049091766480000132e-01,4.879492731160000041e-01,-8.919933614889999918e-01,1.986417370909999980e-01
1.947851793379999918e-01,9.909711731210000263e-01,8.671221395669999332e-02,1.019238438119999923e+00
1.885916159319999952e-01,-9.321040303449999731e-02,2.170792944730000062e+00,1.091271606480000100e+00
1.810214043839999953e-01,2.941779666739999799e-01,2.743084161730000137e+00,1.293174542000000038e+00
1.721608340939999870e-01,1.674048301580000064e-01,1.515879808270000018e+00,1.418086582759999992e+00
1.584073025720000027e-01,1.740801678149999920e-01,9.492733343879999897e-01,1.128561125510000096e+00
1.586425800550000098e-01,2.964143711700000239e-01,5.240715854180000299e-01,7.426016974189999509e-01
3.004475562369999797e-01,8.365476466320000137e-02,-5.998551383680000154e-02,7.397613642899999453e-01
9.532288212759999491e-01,2.544940360280000258e-01,-2.665259968679999925e-01,7.109312200699999806e-01
2.055727635029999778e+00,2.841240403570000073e-02,-7.169141341939999634e-02,4.248738388789999876e-01
1.997939106570000067e+00,1.051907626559999975e-01,1.847348505679999864e-01,2.129028677769999878e-01
1.044120580149999977e+00,1.206348277629999965e-01,3.384425940759999696e-02,-4.569646385599999971e-02
6.578856353640000210e-01,9.858900425540000068e-02,-2.170544097680000006e-01,-3.117511890820000020e-01
1.123499236809999968e-01,-3.016449656869999926e-02,-4.470917631360000200e-01,-5.648899494529999732e-01
-3.193374647109999964e-01,-4.546154045060000204e-01,-6.175108215290000535e-01,-7.869549323869999835e-01
-3.365643530399999861e-01,-3.685218288469999798e-02,-7.039626197939999885e-01,-9.489052000269999620e-01
-2.455354746939999999e-01,-4.668315003460000168e-01,-7.886797203190000216e-01,-1.105000298350000021e+00
-2.436852435840000108e-01,-3.532896761149999953e+00,-8.066978046810000524e-01,-1.208385243369999973e+00
-5.191775030449999884e-01,-1.119693978950000002e+00,-8.225121813669999948e-01,-1.301068226740000000e+00
-7.715593836059999600e-01,2.058116664159999942e+00,-8.281575567510000013e-01,-1.404838332049999972e+00
-1.013453612770000012e+00,-4.690987904439999912e-01,-8.311645629599999641e-01,-1.553213066319999891e+00
-1.161153234869999995e+00,7.450966046370000040e-01,-8.804811696830000534e-01,-1.618282068489999892e+00
-1.208524157350000072e+00,6.967917277180000202e-01,-9.627178190430000226e-01,-1.103265081470000020e+00
-1.258448965149999932e+00,4.040586118350000255e-01,-8.993601595360000145e-01,1.359364227260000113e-01
-1.224363732610000088e+00,8.229197824580000153e-01,1.260119691630000038e-01,9.086164080999999948e-01
-1.204741784469999910e+00,-2.194582257140000048e-01,2.192745657350000155e+00,9.420272154569999667e-01
-1.193200200329999960e+00,2.791168451439999809e-01,2.669672160979999820e+00,1.150941900420000108e+00
-1.199474001820000080e+00,1.038005344399999946e-01,1.452338355159999983e+00,1.285654814049999928e+00
-1.246736754170000072e+00,1.735653272880000042e-01,9.182944527949999936e-01,9.813983797609999726e-01
-1.227778038470000110e+00,2.972228743520000105e-01,4.844590508409999940e-01,6.193468637410000088e-01
-5.886081502200000148e-01,9.150366986609999309e-02,-8.511797466169999937e-02,6.218528638370000028e-01
1.120441363250000100e+00,2.782361960160000258e-01,-2.805088528740000142e-01,5.771147803370000329e-01
2.281535065019999919e+00,9.187492196110000342e-02,-7.703093571829999764e-02,3.033714233790000270e-01
1.786870341960000053e+00,1.764803441699999975e-01,1.615521109380000098e-01,9.682552244709999312e-02
1.091773423530000064e+00,1.116315208569999967e-01,-3.671397822779999803e-03,-1.688749463060000011e-01
6.532040028050000169e-01,1.383287344240000105e-01,-2.464155447559999990e-01,-4.364816285640000237e-01
1.179727489229999982e-01,2.978901603599999962e-02,-4.753553960590000127e-01,-6.678217389639999890e-01
-2.978107366719999760e-01,-4.520101103420000044e-01,-6.435196241759999491e-01,-8.811065816419999530e-01
-3.753701762080000059e-01,-1.421120586949999876e-01,-7.261792343640000036e-01,-1.034385574769999927e+00
-1.895343934869999913e-01,-3.021435002310000062e-01,-8.048296755989999829e-01,-1.166691431769999898e+00
-2.223681718839999877e-01,-3.251934933419999840e+00,-8.107583715720000361e-01,-1.263735977000000066e+00
-4.800759175800000111e-01,-1.920031119159999911e+00,-8.182774103409999888e-01,-1.324295624559999940e+00
-7.430342706370000050e-01,1.977065304669999968e+00,-8.215022711920000331e-01,-1.403101211589999897e+00
-9.563299388539999724e-01,-3.174055158110000163e-01,-8.162963407759999956e-01,-1.532530730329999979e+00
-1.077432594400000054e+00,2.655744069420000186e-01,-8.545616186109999957e-01,-1.594051485540000090e+00
-1.137701460619999994e+00,6.572714580249999772e-01,-9.304057978290000142e-01,-1.184108117280000094e+00
-1.148187004670000011e+00,7.076500911939999361e-02,-9.097453566540000258e-01,1.092898099039999946e-02
-1.131856772769999964e+00,6.788013483010000293e-01,-6.030090658770000112e-02,9.170484089170000130e-01
-1.084413771419999950e+00,-3.123102797169999834e-01,2.001365433780000203e+00,1.008930881329999973e+00
-1.057541468799999995e+00,-5.593529261369999811e-02,2.838140699389999799e+00,1.240046171379999951e+00
-1.073966314740000039e+00,-1.889301348849999895e-01,1.674807979949999970e+00,1.437261268319999896e+00
-1.096259584670000065e+00,-2.535970758750000220e-01,1.020788110610000077e+00,1.196776737660000034e+00
-1.097238786649999964e+00,-5.907747649779999943e-02,6.498131547959999921e-01,8.512313986459999482e-01
-5.755988263650000381e-01,-3.153864679739999954e-01,7.781669235020000075e-02,8.451112943869999450e-01
1.077388808160000044e+00,-1.300773325150000048e-01,-1.593637623420000038e-01,8.692794440069999684e-01
2.509143752319999976e+00,-3.293515501629999953e-01,-5.403176180730000396e-03,6.289597793969999850e-01
2.201174673470000176e+00,-2.741065737360000032e-01,2.691092708010000001e-01,4.202471006869999970e-01
1.473730160869999972e+00,-2.101647623479999949e-01,1.516028856960000004e-01,1.864466338300000137e-01
1.046989274590000019e+00,-2.162777781649999898e-01,-1.078332624749999968e-01,-8.110135160690000455e-02
5.562810371880000382e-01,-1.648963172690000034e-01,-3.420956001970000271e-01,-3.552496791529999864e-01
2.197751315060000044e-01,-5.569504319400000458e-01,-5.374004405159999997e-01,-6.053023257070000440e-01
1.354771717419999966e-01,-2.137305324819999963e-01,-6.393681936699999735e-01,-7.701371173130000525e-01
2.764650481240000235e-01,-2.333974383369999961e-01,-7.198080843020000508e-01,-9.431984731239999586e-01
3.095461030559999993e-01,-3.403349443329999779e+00,-7.410708265909999870e-01,-1.077138449990000080e+00
6.895667497070000207e-02,-2.042425380130000079e+00,-7.690841437719999618e-01,-1.173903812560000093e+00
-2.074569673939999914e-01,2.326656396839999807e+00,-7.956889409530000234e-01,-1.287265205760000031e+00
-4.234974913769999905e-01,-9.301890158679999854e-02,-8.007553641000000333e-01,-1.426764373309999945e+00
-5.671988758570000178e-01,6.625415801259999515e-01,-8.387288639650000155e-01,-1.536828399480000051e+00
-5.938105407510000378e-01,1.263521950279999917e+00,-9.191607993920000164e-01,-1.111248938669999964e+00
-5.692767377120000472e-01,6.632294092820000264e-01,-8.979308257979999874e-01,1.214117672590000058e-01
-5.731613507770000338e-01,1.311353818780000013e+00,1.632875754070000143e-02,9.684152997280000008e-01
-5.675031393530000079e-01,2.098506857129999945e-02,2.123896621650000149e+00,1.047420532340000099e+00
-5.582425843380000030e-01,3.620067469350000122e-01,2.826619836629999938e+00,1.271180640260000105e+00
-5.570950952900000086e-01,4.088671506139999745e-01,1.609929212409999977e+00,1.437289355669999935e+00
-5.888010952800000197e-01,3.214826497100000124e-01,1.023416099689999914e+00,1.171618872969999892e+00
-5.821398581379999548e-01,5.450398760350000371e-01,6.543800139769999635e-01,7.536261849690000236e-01
-4.002013089079999898e-03,2.460481298019999985e-01,7.901598119460000180e-02,7.022952130940000037e-01
1.724739447509999968e+00,4.596908269619999765e-01,-2.207907920620000020e-01,7.129620914669999587e-01
3.112572837140000104e+00,2.815786582959999840e-01,-1.118076438850000021e-01,4.249960277789999741e-01
2.714252121239999926e+00,2.564263897299999817e-01,1.789000515339999875e-01,1.946002018959999968e-01
1.981725606599999967e+00,2.472759963789999960e-01,6.360129657709999440e-02,-5.431294000240000086e-02
1.529338116209999932e+00,2.026104722909999878e-01,-1.869498369550000039e-01,-3.311686802670000263e-01
9.363895401570000443e-01,2.266402574449999929e-01,-4.215050550480000102e-01,-5.740882703170000489e-01
4.119580048290000240e-01,-2.258594783289999963e-01,-6.029053974069999988e-01,-7.999676946720000181e-01
2.112011025130000053e-01,-5.322038246079999896e-02,-6.876610393419999578e-01,-9.636333339870000181e-01
3.324547981700000099e-01,1.662749069870000096e-01,-7.802942354309999606e-01,-1.126440320379999971e+00
3.029565118670000112e-01,-2.593100045449999946e+00,-8.053690272179999665e-01,-1.249489311540000092e+00
2.413382961339999994e-02,-2.623997004280000045e+00,-8.269914490409999708e-01,-1.349468393380000020e+00
-2.884874347460000266e-01,2.090581875059999817e+00,-8.417350625149999654e-01,-1.452577886440000077e+00
-5.420596596050000215e-01,4.401353150519999868e-01,-8.457677361700000063e-01,-1.589394701890000094e+00
-6.940306598169999619e-01,2.683782165720000057e-01,-8.810982812840000289e-01,-1.708513980160000001e+00
-8.090757269449999622e-01,1.278163800459999999e+00,-9.538804663130000527e-01,-1.440222225020000080e+00
-9.164190542860000122e-01,3.234027611379999834e-01,-9.940175065199999827e-01,-3.419441177970000134e-01
-9.510919017429999567e-01,1.106284424819999890e+00,-3.749632116339999821e-01,7.069297432669999770e-01
-9.371394123049999747e-01,1.573916098060000046e-01,1.564706296720000056e+00,8.544620583709999773e-01
-9.366907698959999751e-01,1.534142855900000046e-01,2.803196104560000013e+00,9.487893383779999468e-01
-9.445894821770000060e-01,3.279831730300000192e-01,1.799898886470000070e+00,1.151380915000000060e+00
-9.706243615240000011e-01,7.210220054770000164e-02,9.672681018280000487e-01,9.911883808679999852e-01
-9.966767036839999649e-01,4.131733522900000177e-01,6.233854803949999690e-01,5.719318216340000260e-01
-6.776397478169999822e-01,1.362825462729999881e-01,2.985502277970000090e-02,4.748070071250000135e-01
7.449072220089999474e-01,2.473345784750000109e-01,-2.847101041980000247e-01,5.304892212399999751e-01
2.344868307420000075e+00,1.816947951539999995e-01,-1.974476921170000010e-01,2.903300512659999777e-01
2.323724532690000011e+00,1.255130063859999923e-01,1.097513303649999966e-01,7.197409455419999380e-02
1.536197465429999909e+00,1.546768370469999987e-01,6.966018401949999883e-02,-1.598470676640000032e-01
1.017768620350000042e+00,7.854696935629999766e-02,-1.822919352450000086e-01,-4.307742057780000189e-01
4.819670514080000023e-01,5.582192445249999774e-02,-4.099130956120000113e-01,-6.498758427790000125e-01
-1.031033661189999923e-02,-3.977052071180000037e-01,-6.110398938229999466e-01,-8.663901577110000307e-01
-2.337312275740000000e-01,-2.119507600449999918e-01,-7.065190177069999855e-01,-1.038880061890000039e+00
-1.131829571469999962e-01,-7.774148174419999446e-02,-7.993654860579999522e-01,-1.189047073570000057e+00
-7.973561439899999603e-02,-2.941498771630000064e+00,-8.330088777009999612e-01,-1.301955317580000049e+00
-2.998340151760000016e-01,-2.379529346950000068e+00,-8.422814736460000340e-01,-1.391769285559999902e+00
-5.199107149999999677e-01,2.015464685940000056e+00,-8.545369029099999514e-01,-1.497351965300000032e+00
-7.298770597560000351e-01,2.824007792729999952e-02,-8.489338123830000304e-01,-1.631031501899999903e+00
-8.768316559640000341e-01,2.947268033209999860e-01,-8.857509732789999868e-01,-1.730132843200000048e+00
-9.611206029259999895e-01,1.057440514809999899e+00,-9.597503569209999696e-01,-1.426329393100000065e+00
-1.003679215250000034e+00,2.137402047460000010e-01,-9.782325913099999548e-01,-2.923791700269999794e-01
-9.901314026290000125e-01,9.214644239420000105e-01,-2.981735870969999813e-01,7.062620227260000272e-01
-9.805629963399999927e-01,-5.855168949689999736e-02,1.669068744040000052e+00,8.233072574769999541e-01
-9.691496477219999628e-01,1.047272359070000047e-01,2.761929844329999995e+00,9.527521008460000385e-01
-9.623210775370000247e-01,2.057538309130000076e-01,1.711805933680000003e+00,1.149861616069999926e+00
-9.886950966499999938e-01,3.753365679400000321e-02,9.454809184169999936e-01,9.537467571009999867e-01
-1.026239264139999996e+00,2.630247208590000274e-01,5.789818239530000188e-01,5.454507129550000277e-01
-7.303767561639999961e-01,1.835304605419999999e-02,-9.973871419360000323e-03,4.855648157820000033e-01
4.917247853010000003e-01,1.907938944969999884e-01,-2.990261843359999783e-01,5.247302380230000063e-01
1.787877415310000107e+00,7.775482018990000077e-02,-1.905846371730000044e-01,2.740600730759999992e-01
1.725424539540000080e+00,1.026588985920000030e-01,1.111163327050000010e-01,5.874302834509999988e-02
1.072368883900000069e+00,1.320550433769999976e-01,4.047425417759999838e-02,-1.772883160729999963e-01
6.732188586120000373e-01,4.535936576090000144e-02,-2.130882242970000007e-01,-4.502748586520000096e-01
2.408262566400000138e-01,-6.566162088240000416e-02,-4.368229466010000173e-01,-6.797539253019999617e-01
-1.487120300420000096e-01,-4.488291699020000025e-01,-6.340454003959999918e-01,-8.926250997239999485e-01
-3.009828406380000154e-01,-1.203676399370000039e-01,-7.277929148570000395e-01,-1.055921168350000050e+00
-1.652812391250000068e-01,-4.861023190550000095e-01,-8.184523515220000212e-01,-1.196098369950000073e+00
-1.339868822109999968e-01,-3.513074354690000067e+00,-8.425919903149999834e-01,-1.290542666359999924e+00
-3.296357629739999906e-01,-1.491045180049999974e+00,-8.408316749649999977e-01,-1.354820719669999951e+00
-5.423856612699999857e-01,1.932942746339999962e+00,-8.411096699569999835e-01,-1.431975837360000003e+00
-7.550527737859999977e-01,-5.369797562760000309e-01,-8.285291858900000195e-01,-1.553043847379999898e+00
-8.663963249339999839e-01,4.133917757510000013e-01,-8.644133247480000337e-01,-1.599666556819999919e+00
-9.204799537869999826e-01,4.881514269580000120e-01,-9.351447852859999799e-01,-1.130560143819999919e+00
-9.451636051180000164e-01,8.134300266560000325e-02,-8.924004625229999821e-01,7.891366580549999399e-02
-9.219521799759999858e-01,5.802882817590000464e-01,4.697588235079999675e-02,9.154708164339999676e-01
-9.036764390579999917e-01,-4.444652102989999909e-01,2.114108069759999875e+00,9.929111108139999642e-01
-8.602869421159999863e-01,-6.993350254629999985e-02,2.747452110469999820e+00,1.233423959300000039e+00
-8.617427051099999513e-01,-2.513987602130000054e-01,1.545907455849999890e+00,1.415771121039999914e+00
-8.896452768729999905e-01,-2.685901462829999864e-01,9.580246633779999632e-01,1.152485053279999949e+00
-8.534065561120000032e-01,-1.241818977429999943e-01,5.654790887220000339e-01,8.131452321019999596e-01
-4.274287267510000210e-01,-3.549716075980000052e-01,9.093986719340000843e-03,8.514265054870000515e-01
9.152819519979999985e-01,-1.937906555109999984e-01,-1.957825179059999865e-01,8.599482127330000392e-01
2.080224018940000086e+00,-4.037247669430000241e-01,-3.722212285020000139e-03,6.209859694389999740e-01
1.812207019839999989e+00,-3.281630665249999912e-01,2.582366818710000178e-01,4.335535771460000132e-01
1.206140633750000024e+00,-2.978125204779999979e-01,1.177381954850000023e-01,2.006071091820000041e-01
8.334879319029999678e-01,-3.174336532470000138e-01,-1.305818305760000075e-01,-3.754257983610000127e-02
3.884963513499999910e-01,-4.040551406969999926e-01,-3.567988127350000260e-01,-2.962408839360000101e-01
4.721733858499999742e-02,-6.975379544219999506e-01,-5.317836429600000248e-01,-5.605489593089999500e-01
-1.907115061770000078e-02,-1.145417628389999998e-01,-6.373014912140000376e-01,-7.325047695180000318e-01
1.561094120260000107e-01,-1.014767811370000050e+00,-7.392975131190000493e-01,-8.922452533970000044e-01
1.685874185929999991e-01,-4.040122415069999917e+00,-7.501657409640000163e-01,-1.015924590150000029e+00
-1.409137837369999965e-02,-2.683834714039999847e-01,-7.646709847470000154e-01,-1.105220948319999952e+00
-2.006345983789999954e-01,1.962160149500000061e+00,-7.831276683919999870e-01,-1.221862559859999919e+00
-3.577537728910000214e-01,-5.918901439210000337e-01,-7.927509867580000424e-01,-1.379446026239999901e+00
-4.628841837420000216e-01,1.212573874700000109e+00,-8.419997821829999785e-01,-1.392083860250000082e+00
-5.362756373629999906e-01,7.937620963939999719e-01,-9.240493210250000367e-01,-6.879043102640000074e-01
-5.303824965250000245e-01,8.383178472340000464e-01,-7.528813849109999845e-01,5.884680640310000488e-01
-3.748887727679999782e-01,8.218846361039999771e-01,6.281366711500000477e-01,1.170186231199999982e+00
-1.691281498320000021e-01,-2.059132434990000038e-01,2.641806934469999923e+00,1.226662794809999957e+00
-2.097147282079999953e-01,4.290226910209999911e-01,2.541851896169999847e+00,1.512714488210000097e+00
-2.324969747660000086e-01,1.095027804940000016e-01,1.342307201489999935e+00,1.600643352090000082e+00
-2.085102203349999961e-01,3.283408984639999972e-01,9.743869703490000145e-01,1.201524462969999929e+00
-2.064602324979999959e-01,3.466030862419999803e-01,4.778315609830000033e-01,8.223374757510000244e-01
4.190167203080000236e-01,1.425644954749999971e-01,-4.480152928910000054e-02,8.783749495249999484e-01
1.806184407709999995e+00,2.868021429070000128e-01,-2.240928476090000010e-01,7.992242268420000073e-01
2.530047300060000115e+00,1.033872134569999990e-01,1.541678942500000066e-02,5.193558515520000363e-01
2.028151970300000162e+00,2.378519606879999915e-01,2.152575093790000116e-01,2.949198478380000155e-01
1.531064356589999953e+00,1.439210884859999928e-01,-1.881891396510000083e-03,1.462022008590000040e-02
1.176520866669999998e+00,9.651503132810000662e-02,-2.470070482420000102e-01,-2.321312320249999950e-01
7.305281794869999956e-01,-1.466509447390000054e-01,-4.854381133699999795e-01,-4.887806740749999768e-01
3.857945220199999747e-01,-3.120194746759999971e-01,-6.259979801389999876e-01,-7.204692648830000046e-01
3.113095882649999924e-01,2.915637911530000181e-01,-7.032572885229999571e-01,-8.836636594129999578e-01
4.378426018289999777e-01,-1.381454199340000022e+00,-7.793262326190000255e-01,-1.035333435619999909e+00
3.628952974119999952e-01,-3.568555287540000176e+00,-7.937782456790000163e-01,-1.142336459660000081e+00
1.430417103030000026e-01,9.516045745600000272e-01,-8.167574821199999890e-01,-1.234170820879999964e+00
-7.550184207269999836e-02,1.511407962580000097e+00,-8.158791094539999955e-01,-1.353059528349999985e+00
-2.441829790770000119e-01,-2.761317938780000203e-01,-8.305069276030000447e-01,-1.499645773589999953e+00
-3.289381777800000073e-01,1.396683090040000019e+00,-8.955014789249999829e-01,-1.448628028989999983e+00
-4.046254130110000236e-01,5.314651273960000477e-01,-9.671248706199999656e-01,-6.305249276729999464e-01
-4.674527673969999797e-01,1.009466295800000024e+00,-6.994116861739999580e-01,6.071694846420000458e-01
-4.964246199730000253e-01,6.056796812350000447e-01,8.372281575879999549e-01,1.042601029180000083e+00
-4.936802344630000228e-01,-2.810860478699999873e-02,2.685868284900000180e+00,1.104264935450000040e+00
-4.999755474559999802e-01,4.325678831750000009e-01,2.292943405960000014e+00,1.362894319480000060e+00
-5.203969863080000202e-01,3.308432384999999976e-02,1.162484507030000058e+00,1.330849540360000027e+00
-5.506155977969999782e-01,3.471121978980000189e-01,8.029710487500000271e-01,9.382693426479999932e-01
-4.867982194959999953e-01,1.912438952349999888e-01,2.500469812810000025e-01,6.891626208140000376e-01
2.520961701459999982e-01,1.900993127460000043e-01,-2.056778186600000113e-01,7.594568080210000183e-01
1.654806488900000039e+00,2.821523188649999736e-01,-2.548945597080000125e-01,5.997554421009999581e-01
2.139746273070000093e+00,9.226806740529999717e-02,4.445084308499999692e-02,3.286214291649999786e-01
1.572482592819999914e+00,1.842599889050000050e-01,1.532588885839999970e-01,1.234519929829999974e-01
1.131760776429999948e+00,8.585862424630000267e-02,-8.490709480550000243e-02,-1.479940144840000138e-01
7.374919209279999777e-01,9.830659337890000626e-02,-3.190186599240000254e-01,-4.053164204749999944e-01
3.118940574710000191e-01,-2.881173353140000226e-01,-5.483705440510000528e-01,-6.600450864929999772e-01
4.959795870639999854e-02,-3.239857321940000090e-01,-6.708536119939999542e-01,-8.492687272910000029e-01
8.984246272979999615e-02,1.143114888979999966e-01,-7.552694490269999950e-01,-1.009725097390000048e+00
2.007065125130000072e-01,-2.370510841060000207e+00,-8.141119034079999928e-01,-1.141693452409999976e+00
7.602651002160000504e-02,-2.989305417330000214e+00,-8.212503924139999967e-01,-1.230657199409999958e+00
-1.180006346450000049e-01,1.778602774929999963e+00,-8.375190094869999768e-01,-1.323572527330000081e+00
-3.155365930669999930e-01,4.866822444180000096e-01,-8.297080517310000403e-01,-1.443698295679999966e+00
-4.805476084440000184e-01,-2.280369455349999866e-02,-8.542828073789999754e-01,-1.587344174700000110e+00
-5.857140322139999800e-01,1.201024588089999900e+00,-9.296557521570000260e-01,-1.370833378850000006e+00
-6.338278024540000555e-01,2.172898633729999918e-01,-9.752654728240000015e-01,-3.467525572490000041e-01
-6.435649092120000470e-01,9.771209387260000323e-01,-4.577650575259999965e-01,7.546811365569999763e-01
-6.358702799240000259e-01,1.873376404319999911e-01,1.388290665770000043e+00,9.902588283080000497e-01
-6.184009230310000271e-01,1.138209221359999940e-01,2.784921388779999951e+00,1.090979798350000030e+00
-6.116872155700000535e-01,3.325282287440000095e-01,1.908571966620000060e+00,1.330353116840000016e+00
-6.131667008929999607e-01,4.238007263370000000e-02,1.008716568389999901e+00,1.173868828730000091e+00
-6.893241853829999988e-01,3.582346639530000210e-01,6.690182635579999815e-01,7.651927880069999688e-01
-5.791395369380000213e-01,9.732114910050000678e-02,6.254062530550000276e-02,6.412674060540000109e-01
3.390360700649999726e-01,2.434224037200000135e-01,-2.941763579519999783e-01,6.762745034820000223e-01
1.640818776679999980e+00,1.726614744809999991e-01,-2.261252060689999954e-01,4.412297173579999843e-01
1.811112390049999910e+00,9.148649221500000650e-02,9.592405356619999879e-02,2.138208664609999865e-01
1.232466738789999905e+00,1.487283695830000085e-01,8.778895697050000113e-02,-1.715623124059999921e-02
8.580783928240000025e-01,7.112422314050000083e-02,-1.723498396289999957e-01,-3.070698741249999753e-01
4.510130538730000027e-01,9.416664344990000046e-02,-4.013094851160000087e-01,-5.534195144119999910e-01
7.563050140879999661e-02,-3.113526538679999844e-01,-6.110643236980000115e-01,-7.777058510209999831e-01
-9.007886732339999425e-02,-1.711520719849999872e-01,-7.165499200610000452e-01,-9.540258143990000272e-01
2.147815746210000008e-03,1.609862795470000107e-01,-8.072290606249999945e-01,-1.119958143140000084e+00
6.484752732710000189e-02,-2.393239555140000085e+00,-8.487815286159999806e-01,-1.240524701670000063e+00
-1.045932273040000027e-01,-2.843075493290000200e+00,-8.541815012310000066e-01,-1.319366652610000079e+00
-2.892440218180000189e-01,1.794191481639999974e+00,-8.587157957540000330e-01,-1.396824929689999939e+00
-4.703735654069999828e-01,3.639914379110000264e-01,-8.475147240000000526e-01,-1.509576706670000101e+00
-6.139590319859999923e-01,-9.029770526850000589e-02,-8.707835175789999660e-01,-1.608020798819999930e+00
-6.648955658499999810e-01,1.003520210190000039e+00,-9.357699006340000070e-01,-1.354725822120000034e+00
-6.973963647959999790e-01,-1.260749214239999900e-03,-9.664614623489999889e-01,-3.022402552860000147e-01
-7.132599941210000516e-01,7.869562027040000185e-01,-4.062250286849999892e-01,7.891213813280000267e-01
-6.874581383729999606e-01,9.246513957700000508e-03,1.478699439229999912e+00,1.006739653009999902e+00
-6.712343332569999932e-01,-1.013796466149999992e-01,2.833155138920000038e+00,1.168196379070000068e+00
-6.625511806420000260e-01,5.219333445899999868e-02,1.910087360419999936e+00,1.424401743420000033e+00
-6.667176856759999826e-01,-2.110397377740000080e-01,1.030141965449999919e+00,1.274488885060000021e+00
-6.874688583579999790e-01,7.356965251840000275e-02,6.987195900689999739e-01,9.130167192029999823e-01
-4.830988719989999791e-01,-2.308543332019999950e-01,1.258649509689999946e-01,8.230450588440000326e-01
4.798871180939999759e-01,-1.613694026930000136e-01,-1.834229111759999864e-01,8.962663421259999819e-01
1.787142135350000105e+00,-2.565893765169999785e-01,-1.003405224159999998e-01,7.081475978360000090e-01
2.022547136460000061e+00,-3.351831441149999979e-01,2.103632950700000115e-01,4.961708376680000199e-01
1.483139274650000061e+00,-2.909835743959999776e-01,1.880440574039999868e-01,2.791060207209999922e-01
1.093120570610000009e+00,-3.576942273370000147e-01,-6.714806391439999411e-02,4.064409377889999925e-02
7.172688653359999833e-01,-2.996916097810000124e-01,-2.933239043449999972e-01,-1.684304933690000117e-01
3.596022974390000182e-01,-6.274545359309999792e-01,-4.930695070630000121e-01,-4.221834236940000262e-01
1.962517359219999868e-01,-4.696918903960000113e-01,-5.861545304259999645e-01,-6.278645342840000199e-01
2.845810338170000064e-01,-1.267692594660000116e-01,-6.795786342630000254e-01,-7.887691394119999977e-01
3.608452029559999774e-01,-2.810306956899999875e+00,-7.366219628889999482e-01,-9.343500353160000271e-01
2.308796452050000114e-01,-3.136012262860000011e+00,-7.632441819159999641e-01,-1.041661571789999963e+00
4.809379402419999838e-02,1.924425997299999969e+00,-7.735516367779999847e-01,-1.142905944630000059e+00
-1.448030017240000134e-01,3.830064920280000229e-01,-7.761026620630000483e-01,-1.285882683459999898e+00
-2.911033763010000275e-01,4.619049076580000052e-02,-8.159195981060000102e-01,-1.416498809199999931e+00
-3.608196266270000119e-01,1.406525006010000078e+00,-8.900827381129999827e-01,-1.142419121669999926e+00
-3.924189503869999762e-01,4.456677344800000218e-01,-9.269601590799999569e-01,-1.799551525119999842e-02
-3.872811074429999834e-01,1.210917804559999977e+00,-2.804792408780000246e-01,1.033314723379999966e+00
-4.006882851979999827e-01,1.328654081840000001e-01,1.715574054399999993e+00,1.210150066880000042e+00
-3.896387370109999915e-01,7.146637882959999688e-02,2.918601112879999793e+00,1.377041251120000087e+00
-3.648098511089999940e-01,3.307140323070000276e-01,1.873506457720000018e+00,1.636164195869999949e+00
-3.831967323270000225e-01,3.552996089819999981e-02,1.084538018800000003e+00,1.464591072329999966e+00
-4.164277465640000009e-01,3.818372482219999919e-01,7.703096710419999882e-01,9.719917830980000506e-01
-2.038520367149999901e-01,7.580378558030000102e-02,1.901995815470000073e-01,8.120992323769999910e-01
8.115677149729999540e-01,2.492476509040000010e-01,-1.779428262730000099e-01,8.975292536009999989e-01
2.087113937269999830e+00,1.937826932010000003e-01,-1.569771967489999864e-01,6.688805566750000153e-01
2.220717860470000193e+00,9.877920094929999728e-02,1.626191887810000125e-01,4.174487049619999834e-01
1.644028821700000087e+00,1.484631015990000025e-01,1.335766167880000077e-01,1.752512123109999931e-01
1.257979638529999944e+00,6.383008388810000600e-02,-1.254057561649999930e-01,-1.001907731949999991e-01
8.522589684800000454e-01,2.607429594769999914e-02,-3.646681077869999843e-01,-3.417901839920000073e-01
3.881921305450000137e-01,-3.555033593440000139e-01,-5.717645877729999881e-01,-6.043900378159999809e-01
9.852898105219999592e-02,-3.511983013350000130e-03,-6.609156704240000124e-01,-7.930222381029999879e-01
1.665341778149999896e-01,-2.716842704729999780e-01,-7.492974152929999798e-01,-9.469938431459999917e-01
2.381103582190000068e-01,-3.409215818079999849e+00,-7.864269405999999574e-01,-1.084640096230000017e+00
6.799844664670000316e-02,-1.372898674960000065e+00,-8.057907764670000361e-01,-1.173596104290000053e+00
-1.713945507440000071e-01,2.261841893740000220e+00,-8.194842511559999876e-01,-1.283149410630000098e+00
-4.124184098820000144e-01,-2.252757662160000118e-01,-8.121119982090000411e-01,-1.421528239209999933e+00
-5.670949202409999446e-01,7.254301205049999979e-01,-8.583979256710000394e-01,-1.498783992729999959e+00
-6.649272944320000489e-01,8.515907860970000076e-01,-9.419716797899999605e-01,-1.063052038349999950e+00
-7.317314550219999880e-01,4.252650199820000032e-01,-9.076709702590000095e-01,1.610449990900000017e-01
-7.562112711030000156e-01,9.522446249860000433e-01,2.279817463409999911e-02,1.002763766369999976e+00
-7.938725930450000190e-01,-1.110466189510000007e-01,2.092202534960000193e+00,1.074300966430000059e+00
-8.187821200060000359e-01,2.409812376649999865e-01,2.730453392009999813e+00,1.271995457839999899e+00
-8.206031361369999777e-01,1.049093397640000064e-01,1.512421485379999986e+00,1.406584408969999922e+00
-8.349169658309999464e-01,1.719339305589999978e-01,9.035850211999999493e-01,1.117542733899999918e+00
-8.419388364759999854e-01,3.353031008080000208e-01,4.979140789839999748e-01,7.339064976019999964e-01
-4.876640930939999952e-01,9.941600079670000201e-02,-7.030405617269999685e-02,7.367668466179999598e-01
8.295959251460000017e-01,2.622658194260000242e-01,-2.909523029450000187e-01,7.077948092470000008e-01
2.130659819999999982e+00,5.352526760310000187e-02,-1.006265193680000031e-01,4.307314063470000232e-01
1.940011036230000041e+00,1.408037085380000053e-01,1.704238889409999957e-01,2.271466781150000003e-01
1.261083730990000040e+00,9.250078114849999422e-02,3.027627918979999833e-02,-2.934467995270000074e-02
8.543366754800000296e-01,3.494645187139999720e-02,-2.206758444580000089e-01,-2.878520918959999730e-01
3.550869968340000238e-01,-1.253556195099999881e-01,-4.539610683890000220e-01,-5.337933480250000029e-01
-5.788071760240000307e-02,-4.147108868080000010e-01,-6.295571613170000136e-01,-7.664011063329999596e-01
-2.018832986459999923e-01,8.716855672399999311e-02,-7.175374771700000487e-01,-9.269364041469999593e-01
-5.833119211360000139e-02,-1.512940485019999892e+00,-7.999012991210000534e-01,-1.072247742140000071e+00
-5.059562750700000167e-02,-3.742938652239999886e+00,-8.173862012829999912e-01,-1.179987087660000045e+00
-2.698614867810000262e-01,7.382375116499999557e-01,-8.270332202600000349e-01,-1.268862431629999898e+00
-4.922053681549999893e-01,1.285646559099999919e+00,-8.230572010500000202e-01,-1.375587486429999950e+00
-7.055232787670000505e-01,-5.139076264980000364e-01,-8.263141533600000255e-01,-1.515878803429999921e+00
-8.370251749310000378e-01,1.165364635039999985e+00,-8.907973527510000267e-01,-1.466681786419999911e+00
-9.293668183319999665e-01,2.857749261420000075e-01,-9.652634755040000458e-01,-6.569914163090000425e-01
-9.609512417219999714e-01,7.845809123689999609e-01,-7.058462090199999484e-01,5.807583887280000079e-01
-9.594261150730000187e-01,4.053724155530000206e-01,7.978720634760000374e-01,1.017182821250000035e+00
-9.536256779209999479e-01,-1.731466978679999935e-01,2.649965021659999920e+00,1.079164688609999923e+00
-9.301381723730000051e-01,3.030555225509999895e-01,2.290304775200000087e+00,1.340984410749999967e+00
-9.505310972960000493e-01,-5.385562900469999942e-02,1.154612940650000086e+00,1.302195921890000108e+00
-9.862778692239999589e-01,2.662900120460000020e-01,7.936942806390000493e-01,9.188325985809999707e-01
-9.307845853489999932e-01,1.088997097480000065e-01,2.434648018899999988e-01,6.818758806660000227e-01
-2.230375904609999960e-01,7.832537605799999580e-02,-2.205106255490000000e-01,7.454665917749999648e-01
1.358931145959999975e+00,1.289996343739999995e-01,-2.711023402889999878e-01,5.827546540900000460e-01
2.140771161430000014e+00,-3.229510632430000056e-02,3.281218160240000070e-02,3.153410482210000088e-01
1.543449782840000006e+00,1.034915506680000041e-01,1.482943633680000040e-01,1.102980851289999953e-01
1.007896808069999928e+00,5.997136425559999873e-02,-9.378522320630000575e-02,-1.683044885049999884e-01
5.976444430499999738e-01,8.499638643609999655e-02,-3.282104288489999799e-01,-4.246762367729999821e-01
9.948864775240000291e-02,-2.746887153109999757e-01,-5.535509369619999731e-01,-6.769967047429999996e-01
-2.040058322970000060e-01,-3.025525294549999966e-01,-6.807504574749999593e-01,-8.617064036160000384e-01
-1.933738363330000098e-01,8.706098967740000250e-02,-7.712659304650000269e-01,-1.006141558679999992e+00
-3.535735473220000258e-02,-2.356515760769999801e+00,-8.300179251499999467e-01,-1.139067855560000009e+00
-1.249901141090000029e-01,-3.192340826500000173e+00,-8.237238880849999667e-01,-1.216746986650000029e+00
-3.847883116809999726e-01,1.559423156280000056e+00,-8.280480124489999483e-01,-1.287700188439999893e+00
-6.489885185970000192e-01,4.607672986979999830e-01,-8.157053014570000427e-01,-1.378682005810000000e+00
-8.597480644620000279e-01,-2.771003611239999942e-01,-8.299645705860000389e-01,-1.490660903260000003e+00
-9.908630667729999564e-01,1.012702759299999977e+00,-8.960325679809999500e-01,-1.302080256500000033e+00
-1.035935191279999890e+00,1.052314187710000001e-02,-9.381847056000000018e-01,-2.731854264690000145e-01
-1.029210527590000090e+00,7.645971218029999905e-01,-4.635665990969999872e-01,8.636502395289999967e-01
-9.852900579279999516e-01,7.216955650719999961e-04,1.352301604970000071e+00,1.132892534200000023e+00
-9.148142799599999764e-01,-2.762104421070000204e-01,2.860104356399999936e+00,1.276099328709999980e+00
-9.180753984020000313e-01,5.975838658260000137e-03,2.029801242950000084e+00,1.543665126889999906e+00
-9.297017762949999486e-01,-3.099605895040000170e-01,1.067153667909999992e+00,1.448779844719999987e+00
-9.419864247229999821e-01,1.025442910749999915e-02,7.568313948510000388e-01,1.053608754419999904e+00
-7.679748675980000439e-01,-2.240047006289999920e-01,1.874446716020000125e-01,9.309275242269999806e-01
4.137706138319999782e-01,-1.688660606040000012e-01,-1.607530633179999890e-01,1.020531796099999999e+00
2.362287541370000188e+00,-1.645865864499999887e-01,-1.041778868980000050e-01,8.061367493040000332e-01
2.889594017589999897e+00,-2.429083809339999955e-01,2.076462727470000103e-01,5.871116735579999801e-01
2.081754082419999818e+00,-1.714496843180000063e-01,2.160879624539999988e-01,3.804618804939999821e-01
1.542144451370000002e+00,-2.037653781579999990e-01,-4.328291274809999839e-02,1.261735189779999988e-01
1.012401597470000025e+00,-1.768244062019999896e-01,-2.728696627709999989e-01,-1.011361383909999967e-01
4.313201864969999910e-01,-5.569142313420000212e-01,-4.857827294029999909e-01,-3.971605367109999896e-01
1.192105135610000005e-01,-2.665232916199999913e-01,-5.961051539880000139e-01,-6.210391570119999649e-01
2.132864531189999913e-01,-2.009237953939999877e-01,-7.045432834010000311e-01,-7.665277683200000247e-01
3.434096126119999814e-01,-3.360067657370000127e+00,-7.635362253309999625e-01,-9.189359535579999516e-01
1.418619898790000056e-01,-2.118375926940000209e+00,-7.579992008870000131e-01,-1.033685982730000008e+00
-1.383781963409999871e-01,2.406071358290000184e+00,-7.758625751729999465e-01,-1.126652884390000109e+00
-3.979491040850000050e-01,2.961481699780000101e-02,-7.850269834159999682e-01,-1.274777746929999900e+00
-5.851673265510000110e-01,6.593991390290000476e-01,-8.221118582340000147e-01,-1.382458871699999925e+00
-6.986828400290000518e-01,1.342237492119999986e+00,-9.018747300489999841e-01,-9.614793144929999480e-01
-7.138895002730000217e-01,6.741271641120000213e-01,-8.898687537360000510e-01,2.535648251970000211e-01
-6.906454955159999631e-01,1.282567407729999998e+00,-7.200067683390000070e-03,1.144572382810000066e+00
-6.983290569740000509e-01,1.746333145280000096e-02,2.097095690899999809e+00,1.261850013489999922e+00
-6.621071026320000108e-01,3.138974099890000091e-01,2.851594159259999817e+00,1.466741511980000023e+00
-6.384364716979999965e-01,3.125909775280000247e-01,1.645639878369999920e+00,1.655428911060000008e+00
-6.594804121509999506e-01,2.088118244249999866e-01,1.037713541620000068e+00,1.390341279470000080e+00
-7.124007351790000442e-01,4.827615612380000143e-01,6.662999549200000482e-01,9.051105287239999964e-01
-3.427496613650000135e-01,1.703305928059999919e-01,7.334148190439999937e-02,8.344301117869999951e-01
1.261804681509999915e+00,3.899995631340000268e-01,-2.249547938070000086e-01,8.697657973460000136e-01
2.958201422610000186e+00,2.130765271270000094e-01,-1.073585056259999948e-01,6.087476512160000519e-01
2.829759543869999838e+00,2.428540093690000068e-01,1.911086876779999888e-01,3.702560704069999820e-01
2.014093422010000189e+00,2.808917869979999926e-01,7.898666207570000097e-02,1.039459313740000029e-01
1.531950249090000105e+00,1.879257378299999948e-01,-1.784116045949999951e-01,-1.640220553650000024e-01
9.656443407350000507e-01,1.254801403520000025e-01,-4.152017436109999848e-01,-4.197477677279999875e-01
4.350711146780000260e-01,-2.748263161469999827e-01,-6.048202112610000514e-01,-6.755017903979999572e-01
1.702938704910000045e-01,1.839813596069999890e-01,-6.886295439540000007e-01,-8.520259108140000315e-01
2.785727582770000099e-01,-5.178680802509999515e-01,-7.787757714719999447e-01,-1.009194438309999997e+00
3.098897855580000082e-01,-3.541514339359999930e+00,-8.003266210789999890e-01,-1.123088456320000095e+00
5.230102524320000279e-02,-3.276462150830000142e-01,-8.179777351460000290e-01,-1.216714449259999942e+00
-2.440239739199999980e-01,2.115831043230000041e+00,-8.300987471140000018e-01,-1.328750814089999954e+00
-5.238037513219999664e-01,-3.032127840980000100e-01,-8.254768543830000027e-01,-1.473752504809999975e+00
-7.144699511069999565e-01,1.169144654269999917e+00,-8.802404631660000200e-01,-1.521611182790000072e+00
-8.129585873700000409e-01,7.072471474060000318e-01,-9.623099932440000170e-01,-9.162523095629999670e-01
-9.013283245540000266e-01,6.649819110919999998e-01,-8.509685698350000216e-01,3.557079560129999818e-01
-1.034736164559999949e+00,8.446715181130000083e-01,3.316407351549999771e-01,1.014758462609999912e+00
-1.108380252519999942e+00,-1.034677779979999990e-01,2.380950267559999833e+00,1.050199257969999911e+00
-1.079129118050000002e+00,4.107397007579999815e-01,2.565900792359999905e+00,1.269669553279999974e+00
-1.096972368849999935e+00,9.525664902199999784e-02,1.327346690299999965e+00,1.327768974060000051e+00
-1.139288307670000000e+00,2.392039578060000116e-01,8.510526229960000411e-01,9.911512635860000309e-01
-1.160337424239999971e+00,2.596896653890000128e-01,3.721141178090000001e-01,6.491391086940000443e-01
-6.125704274459999876e-01,1.292198447469999900e-01,-1.638667704950000081e-01,6.856838537149999580e-01
1.117053202759999975e+00,2.913146788839999779e-01,-3.077753523389999968e-01,6.021004759270000006e-01
2.425346946889999966e+00,3.511684150439999680e-02,-5.617939340030000256e-02,3.153695223210000176e-01
2.006179867969999808e+00,1.246461804080000041e-01,1.600442971280000015e-01,1.235421420299999962e-01
1.283914434379999969e+00,6.796490241170000113e-02,-3.218375597479999906e-02,-1.450437028890000091e-01
7.797724026340000503e-01,4.634858159190000104e-02,-2.808690886829999789e-01,-4.170718219719999897e-01
2.027371628440000073e-01,-2.016686860140000093e-01,-5.092206545940000106e-01,-6.548790675479999601e-01
-2.520670152960000077e-01,-3.603844982900000216e-01,-6.607066582399999666e-01,-8.530599415940000041e-01
-3.801970115569999753e-01,1.413142016339999918e-01,-7.471838793599999695e-01,-1.015876436939999961e+00
-1.993677381270000104e-01,-1.891323211640000057e+00,-8.241892379509999644e-01,-1.167069919460000049e+00
-2.229978753100000100e-01,-3.472116881009999823e+00,-8.360482769079999876e-01,-1.267901882949999948e+00
-5.019418785979999909e-01,1.205129898870000105e+00,-8.475603334760000163e-01,-1.349701954099999934e+00
-7.548047461929999757e-01,9.260325264469999595e-01,-8.417891731359999907e-01,-1.462860371459999920e+00
-9.908276948019999475e-01,-3.096371185299999773e-01,-8.502741879470000486e-01,-1.610137299970000102e+00
-1.154367875950000011e+00,1.206426185270000007e+00,-9.202225549289999584e-01,-1.488632372469999909e+00
-1.210387293209999937e+00,2.112301218490000021e-01,-9.830323940189999998e-01,-5.845446836630000531e-01
-1.257323861609999982e+00,7.789820425000000270e-01,-6.306440575459999476e-01,6.010756167999999899e-01
-1.256751845609999974e+00,2.561731187180000258e-01,1.018545549599999989e+00,9.369637932409999870e-01
-1.242580520019999968e+00,-6.341567875759999973e-02,2.712674421440000039e+00,9.670351625440000154e-01
-1.255660571069999953e+00,3.183903455139999727e-01,2.109144915149999910e+00,1.220357307430000038e+00
-1.246914354829999905e+00,-6.417316261290000219e-03,1.047962161360000088e+00,1.157243308219999989e+00
-1.295673860950000034e+00,2.892184213430000206e-01,7.086259638349999834e-01,7.389986324530000150e-01
-1.210166112990000098e+00,8.686385652160000248e-02,1.402883297989999944e-01,5.369434611069999752e-01
-2.493956619559999921e-01,1.726881982390000014e-01,-2.588903795540000163e-01,5.923346559450000104e-01
1.600859447870000007e+00,1.213652252619999983e-01,-2.572626876240000082e-01,4.223786293599999797e-01
2.331706556349999904e+00,-3.785685507210000134e-02,4.305957222219999880e-02,1.725027932219999893e-01
1.619931892369999904e+00,8.345986226330000257e-02,1.018385788980000067e-01,-5.444464416380000171e-02
1.040232013800000077e+00,-1.275909820489999971e-02,-1.501761565639999907e-01,-3.266330186809999758e-01
5.430669219699999495e-01,7.851134720750000545e-03,-3.803849691449999737e-01,-5.737761381889999734e-01
-2.408077412019999849e-02,-3.756205377290000036e-01,-5.963618494079999666e-01,-7.995731031420000301e-01
-3.554307489779999774e-01,-3.041953513139999954e-01,-7.115796135080000306e-01,-9.796692411290000013e-01
-3.111860317190000003e-01,-1.318560355960000097e-01,-8.005524352480000161e-01,-1.126420985400000019e+00
-1.219476419050000010e-01,-2.949779204820000000e+00,-8.456115785810000007e-01,-1.236457540149999978e+00
-2.267857416919999980e-01,-2.602678101850000036e+00,-8.393592708589999729e-01,-1.304818351510000030e+00
-4.721898412519999755e-01,1.905467703830000081e+00,-8.437766850879999669e-01,-1.367646828460000075e+00
-7.185594409350000156e-01,8.408882248210000632e-03,-8.296013030819999745e-01,-1.487636598970000001e+00
-9.486019458269999705e-01,5.469894159759999819e-02,-8.528692379129999557e-01,-1.584003388359999986e+00
-1.061471343550000057e+00,8.538408483499999591e-01,-9.203127315669999975e-01,-1.268238577950000057e+00
-1.112542120719999916e+00,1.256437213030000069e-02,-9.341043180700000503e-01,-1.617755010499999924e-01
-1.110065829180000074e+00,7.810540794550000498e-01,-2.858942920809999788e-01,8.483752487579999668e-01
-1.082715427009999898e+00,-1.922593878680000090e-01,1.673594278129999946e+00,1.010765773059999928e+00
-1.088698706179999975e+00,-1.722758083819999897e-01,2.837891264190000040e+00,1.199590494660000006e+00
-1.085721052100000028e+00,-1.055872099739999931e-01,1.801678599870000008e+00,1.436329708419999962e+00
-1.108406243769999966e+00,-3.085349942960000091e-01,1.006491016670000072e+00,1.251276966070000052e+00
-1.131580913799999921e+00,-6.656014519479999669e-02,6.686378430820000274e-01,8.888924676949999659e-01
-7.717570676849999645e-01,-3.349927218700000098e-01,8.668581683449999575e-02,8.317496547639999793e-01
6.687364928469999859e-01,-1.767460405719999961e-01,-2.009236754310000095e-01,8.878609852429999449e-01
2.472913071849999866e+00,-2.959478094710000229e-01,-8.293868249709999974e-02,6.824653406439999959e-01
2.768315596019999880e+00,-3.287891835769999882e-01,2.219932715619999941e-01,4.731575823099999911e-01
2.022327328559999859e+00,-2.194448250990000127e-01,1.670170002759999994e-01,2.495603826359999999e-01
1.428925102770000066e+00,-1.906240624190000121e-01,-9.280470702470000610e-02,1.207420623579999984e-02
8.672364071050000511e-01,-2.551091075049999879e-01,-3.209554085119999955e-01,-2.372807189789999938e-01
3.505374027129999903e-01,-6.091665688289999991e-01,-5.217423925530000339e-01,-5.264355065510000209e-01
1.131246039090000044e-01,-1.434932886560000009e-01,-6.315370244719999970e-01,-7.063129510650000276e-01
2.257332798630000137e-01,-8.336520577830000001e-01,-7.382016271310000155e-01,-8.522634095319999714e-01
3.277806303310000224e-01,-3.997064982139999945e+00,-7.674686348660000323e-01,-9.971344371989999678e-01
1.449979107459999916e-01,-6.217152138120000116e-01,-7.708281128180000108e-01,-1.090589584589999994e+00
-1.296467581400000124e-01,2.141569855080000195e+00,-7.901576960120000326e-01,-1.202706908499999949e+00
-4.064327490379999741e-01,-5.449817896719999499e-01,-7.933602915340000061e-01,-1.346185644359999989e+00
-5.773570806059999949e-01,1.124908072730000042e+00,-8.391435787119999601e-01,-1.373759573170000081e+00
-6.246645327800000036e-01,8.707443574369999606e-01,-9.223010591439999573e-01,-7.393490573100000018e-01
-6.668695746089999821e-01,8.190765808429999462e-01,-7.878420390300000520e-01,5.461340192310000230e-01
-6.706626588690000057e-01,9.884444208370000151e-01,4.975705899669999877e-01,1.177654853239999966e+00
-6.498594427849999633e-01,-1.594362637170000097e-01,2.557565700810000120e+00,1.228902371530000037e+00
-6.391412516690000434e-01,4.287772426650000024e-01,2.601078703339999798e+00,1.503967547730000076e+00
-6.149330373820000029e-01,1.414364781549999894e-01,1.364429520929999917e+00,1.603529052649999898e+00
-6.328793614259999867e-01,2.779312135309999765e-01,9.622001758110000358e-01,1.239537485300000075e+00
-6.391001331460000046e-01,3.580372444909999952e-01,4.991300537410000016e-01,8.347152666570000212e-01
-2.872081832780000107e-02,1.995444276929999872e-01,-2.854821974620000077e-02,8.666962852330000189e-01
1.783596488970000005e+00,3.291029919130000203e-01,-2.264447914340000090e-01,8.170022916789999590e-01
3.187303153769999842e+00,1.207231061590000043e-01,-1.499869906879999944e-02,5.416135467070000153e-01
2.822088574579999953e+00,2.721667787729999954e-01,2.002634330610000013e-01,3.222545834400000198e-01
2.073486353339999866e+00,1.796931097049999926e-01,4.404521529310000127e-03,4.309002557629999786e-02
1.563504074729999971e+00,7.974942391000000574e-02,-2.436087141870000028e-01,-2.107093706369999875e-01
9.563267120499999718e-01,-2.243298559920000046e-01,-4.786313460680000076e-01,-4.720028120070000055e-01
4.530326630850000091e-01,-2.115129444209999932e-01,-6.255148407759999474e-01,-7.014325496629999490e-01
2.623221236830000080e-01,9.919212630160000044e-02,-7.061301493180000000e-01,-8.544817203490000512e-01
3.975540574240000180e-01,-2.678022695080000126e+00,-7.829414495530000462e-01,-1.008498155520000106e+00
3.795159603180000008e-01,-2.656077143370000115e+00,-7.988863762479999631e-01,-1.112601902910000051e+00
9.889332179729999617e-02,2.059759745740000092e+00,-8.176345093519999940e-01,-1.202687688829999990e+00
-2.152279544010000101e-01,2.954270479350000200e-01,-8.141093332669999683e-01,-1.330988781839999913e+00
-5.113191460839999758e-01,2.075840461769999923e-01,-8.304802516379999888e-01,-1.453675512600000053e+00
-6.765157685299999502e-01,1.206119923499999969e+00,-9.076406715679999904e-01,-1.207482668059999931e+00
-8.006803418390000537e-01,3.113317260080000204e-01,-9.345079617729999955e-01,-1.087099806760000037e-01
-8.917498112680000144e-01,1.011654262570000018e+00,-3.236688761529999958e-01,9.551842414450000263e-01
-9.159860929609999758e-01,5.358376577530000323e-02,1.606111812340000000e+00,1.136195717169999897e+00
-9.406610070790000222e-01,1.432607893950000044e-01,2.817227286760000116e+00,1.252747162359999944e+00
-9.327678444289999593e-01,2.739646674660000114e-01,1.805356390100000041e+00,1.454005699529999918e+00
-9.801268425279999752e-01,7.102009934719999418e-02,9.852691417900000248e-01,1.272898161020000085e+00
-1.037399778649999993e+00,3.599244424779999840e-01,6.309793839749999744e-01,8.564011316890000058e-01
-8.116015855939999746e-01,9.161189199270000638e-02,2.861371634749999837e-02,7.584546018640000442e-01
4.334198810609999897e-01,2.718016039060000000e-01,-2.822636605330000048e-01,7.961247534519999558e-01
2.326445441809999792e+00,1.175520871850000010e-01,-1.707874564640000092e-01,5.555862712629999756e-01
2.785840959230000191e+00,2.453727957570000021e-02,1.399163477750000051e-01,3.221094992019999936e-01
1.990341223840000007e+00,6.254121989850000563e-02,8.329838895839999924e-02,7.968442365269999550e-02
1.362488740220000105e+00,-2.405499576180000071e-02,-1.747488067150000102e-01,-1.948249636530000051e-01
7.031243613330000475e-01,-1.619668128170000110e-01,-4.043517613879999972e-01,-4.525736982620000015e-01
-4.998954609680000133e-02,-4.533586469270000086e-01,-6.054204445219999453e-01,-6.907973921440000442e-01
-3.306783850089999865e-01,1.472643541650000068e-02,-6.997598463009999659e-01,-8.501753727190000109e-01
-2.044530210540000115e-01,-1.211175899429999925e+00,-7.864405835509999942e-01,-1.013781910220000082e+00
-1.507407447159999914e-01,-3.797875547329999879e+00,-8.167571486870000008e-01,-1.126044377990000012e+00
-3.159264682790000056e-01,2.797881089200000004e-01,-8.214854491949999948e-01,-1.198310152469999945e+00
-5.861753803860000334e-01,1.523056420409999889e+00,-8.252664360150000489e-01,-1.316667630710000036e+00
-8.464096449079999696e-01,-5.704902800359999970e-01,-8.193471513360000014e-01,-1.447653107060000055e+00
-1.051579262850000029e+00,1.109859885639999932e+00,-8.773018169509999575e-01,-1.437373165099999905e+00
-1.162077991909999941e+00,3.428168552470000074e-01,-9.545677545490000027e-01,-7.075342514089999479e-01
-1.202696110420000020e+00,6.919504136530000293e-01,-7.497990560789999925e-01,5.643287335540000393e-01
-1.217129228249999917e+00,5.734914107899999891e-01,6.378587728350000319e-01,1.093056407089999960e+00
-1.196624961699999989e+00,-1.692362602960000018e-01,2.579893714479999822e+00,1.150452019060000053e+00
-1.153897245950000094e+00,3.527676738020000258e-01,2.401277342929999836e+00,1.392033518499999900e+00
-1.155541948590000034e+00,1.377235241779999932e-02,1.213979570120000018e+00,1.395902714320000015e+00
-1.239986194349999904e+00,2.891146896030000191e-01,8.217499038669999756e-01,1.033685444550000110e+00
-1.193896359160000031e+00,2.126769689959999987e-01,2.911219719679999929e-01,7.544307152270000039e-01
-3.385528196550000035e-01,1.623788869849999983e-01,-1.881801763310000097e-01,8.131786993420000442e-01
1.467490675679999912e+00,2.853462503679999873e-01,-2.605527367659999927e-01,6.741887483270000425e-01
2.333072139730000050e+00,9.106220208479999523e-02,1.365431407310000074e-02,4.027947661579999727e-01
1.762006813079999956e+00,1.518673460490000127e-01,1.542883625389999958e-01,1.963543828129999946e-01
1.187838418699999954e+00,7.091017667969999605e-02,-6.882745383209999679e-02,-9.463241822579999962e-02
6.815899184570000102e-01,1.005982021529999992e-01,-3.021186256260000036e-01,-3.490766786039999903e-01
1.537839658529999987e-01,-2.793319428250000125e-01,-5.319229502569999823e-01,-6.061990710310000141e-01
-2.067780200800000134e-01,-2.559826446690000035e-01,-6.698731786749999584e-01,-8.049621573249999829e-01
-2.074284346339999863e-01,1.039942389920000057e-02,-7.570503057620000531e-01,-9.483458398940000089e-01
-2.985275876859999969e-02,-2.787125309619999936e+00,-8.237970472150000223e-01,-1.082983854090000087e+00
-1.552189811330000058e-01,-2.650186295800000202e+00,-8.206734423729999950e-01,-1.152909636820000028e+00
-3.970577099229999907e-01,1.926096229799999948e+00,-8.172349852110000201e-01,-1.223713462539999908e+00
-6.750507909399999784e-01,9.518767096510000192e-02,-8.021992717700000552e-01,-1.328029499189999907e+00
-9.233364142030000554e-01,3.493137337470000187e-02,-8.212831135320000087e-01,-1.416802966779999950e+00
-1.043427384789999968e+00,9.272916526679999549e-01,-8.921755135269999748e-01,-1.144653018230000097e+00
-1.129168956760000064e+00,3.822613428760000126e-02,-9.082603490449999706e-01,-3.545338834219999985e-02
-1.153736704780000011e+00,8.031680706920000246e-01,-2.777448842210000213e-01,1.031536074479999954e+00
-1.180821259300000037e+00,-1.235740958479999985e-01,1.676508542659999934e+00,1.224786071040000035e+00
-1.156154374350000014e+00,-1.126700666950000013e-01,2.887765869329999902e+00,1.393378217360000004e+00
-1.109662401940000098e+00,-4.618978672050000345e-02,1.857336399720000086e+00,1.640809457710000085e+00
-1.160782000860000052e+00,-2.732199921139999987e-01,1.050043702440000004e+00,1.471768589360000101e+00
-1.186834564240000001e+00,-1.153796866760000046e-02,7.200443881639999599e-01,1.075996844060000068e+00
-8.463121498669999854e-01,-3.025633421260000011e-01,1.228279001419999988e-01,1.026770329030000095e+00
5.589955960329999751e-01,-1.712476299579999972e-01,-1.710006036389999928e-01,1.078980861440000050e+00
2.201315373389999941e+00,-3.193571605430000071e-01,-4.517539306840000213e-02,8.389186376420000313e-01
2.317782071479999928e+00,-3.130896304710000244e-01,2.661950868260000158e-01,6.491471517310000161e-01
1.591290565710000049e+00,-2.367134150009999882e-01,2.030189070789999994e-01,4.234063226770000132e-01
1.063288454680000106e+00,-3.171739100120000154e-01,-6.447329676040000623e-02,1.674719384679999867e-01
5.475247583910000104e-01,-3.804594266490000098e-01,-2.867117214880000042e-01,-5.669780422549999810e-02
7.110534731430000199e-02,-7.313906776659999665e-01,-4.810587575770000068e-01,-3.460070009430000204e-01
-1.224412532279999938e-01,-1.843654690659999873e-01,-5.821544014499999697e-01,-5.658166835050000287e-01
3.041376582550000054e-02,-9.221263833520000341e-01,-6.921970730919999593e-01,-7.240678895450000097e-01
7.785983223530000552e-02,-4.041256680220000064e+00,-7.342245642800000471e-01,-8.514882810030000027e-01
-1.152391813170000057e-01,-5.138844750829999475e-01,-7.335790593100000034e-01,-9.606259183699999982e-01
-3.027104959279999785e-01,2.038762482920000174e+00,-7.530019395699999452e-01,-1.077441640099999987e+00
-4.653740501320000056e-01,-5.893168769219999659e-01,-7.582816631440000288e-01,-1.226263775689999891e+00
-6.187685744449999969e-01,1.093783086510000002e+00,-8.083854907999999950e-01,-1.245621020460000006e+00
-7.197476450969999551e-01,8.069185162719999527e-01,-8.905280568179999579e-01,-5.752510412360000158e-01
-7.491027572980000215e-01,8.477331734649999895e-01,-7.326603598259999739e-01,7.054494155239999786e-01
-7.511319820609999587e-01,9.442333115550000100e-01,6.144555152939999987e-01,1.345278724940000004e+00
-7.470202974170000454e-01,-1.569363906510000128e-01,2.666932387860000198e+00,1.425464748310000029e+00
-7.339645747549999877e-01,4.400245989770000254e-01,2.626857153190000016e+00,1.716741733689999938e+00
-7.255241373680000327e-01,1.473334399479999945e-01,1.414318540710000072e+00,1.805414060639999985e+00
-7.455356140079999472e-01,3.234412055359999760e-01,1.033782582509999992e+00,1.417457918500000025e+00
-6.953461214689999892e-01,3.752112792349999726e-01,5.397610001060000329e-01,1.044760840329999940e+00
1.174646016090000050e-01,2.045806831829999894e-01,1.227400398360000040e-02,1.072611599130000037e+00
1.980624986690000089e+00,3.553839696219999733e-01,-1.694721468039999956e-01,9.690183885759999782e-01
3.071159805699999801e+00,1.066679155879999980e-01,5.361017896280000083e-02,6.754780550350000246e-01
2.551685803169999822e+00,2.070246588209999905e-01,2.466883700370000043e-01,4.575277348019999857e-01
1.861807019280000031e+00,1.564824554320000116e-01,3.125335684689999755e-02,1.705375415640000003e-01
1.346474677100000017e+00,9.914393168000000534e-02,-2.144639796109999996e-01,-8.835011482139999706e-02
7.614126627480000131e-01,-2.293016300859999912e-01,-4.490156094469999748e-01,-3.534399396660000137e-01
3.131319167919999757e-01,-3.402263502760000113e-01,-5.934256618190000276e-01,-6.004778439450000338e-01
1.892947434860000056e-01,1.512549964949999881e-01,-6.733756467499999454e-01,-7.624079887339999528e-01
3.315018958309999819e-01,-2.109275936550000008e+00,-7.492015835419999492e-01,-9.216447106949999801e-01
2.438465708210000027e-01,-3.348289207790000166e+00,-7.634503545609999664e-01,-1.035316180259999941e+00
-4.608113278269999891e-02,1.550322627619999949e+00,-7.826340502799999932e-01,-1.124902615419999918e+00
-3.480440642700000087e-01,8.670411068590000436e-01,-7.806774080949999695e-01,-1.253764517990000105e+00
-6.147408246169999702e-01,-1.645515763269999876e-01,-7.986139595019999815e-01,-1.382183926800000018e+00
-7.623444789209999906e-01,1.300980708350000015e+00,-8.744227987810000435e-01,-1.239938949359999931e+00
-8.929178620929999477e-01,2.977786287199999937e-01,-9.298755247729999507e-01,-2.750407989879999904e-01
-9.508625208630000492e-01,9.892975616310000220e-01,-4.951105039320000123e-01,9.135323229180000171e-01
-9.439279617139999523e-01,3.018107536660000201e-01,1.289210340009999900e+00,1.215729916799999977e+00
-9.532242887849999846e-01,2.771036871400000060e-02,2.868948866199999781e+00,1.305218009789999911e+00
-9.486963310220000167e-01,3.544168504060000169e-01,2.099009473889999811e+00,1.556140775820000099e+00
-9.792868473620000014e-01,8.891460892360000465e-03,1.110630688170000102e+00,1.443395331560000105e+00
-1.026896219209999961e+00,3.704745498679999915e-01,7.814456186029999918e-01,9.853631977100000272e-01
-8.420111923269999465e-01,9.566234264259999842e-02,1.795446415040000132e-01,8.077408752250000434e-01
3.108587417629999905e-01,1.693085224149999957e-01,-2.127718240320000120e-01,8.910520018619999538e-01
2.183217733499999813e+00,1.533930776040000055e-01,-1.746305221209999980e-01,6.719382015270000119e-01
2.719745616219999995e+00,4.143158034450000055e-02,1.472495661580000004e-01,4.266766660729999772e-01
1.920163917680000054e+00,1.587023257500000117e-01,1.663367533510000107e-01,1.927854555459999897e-01
1.320464640219999986e+00,7.351939077680000323e-02,-9.806165816469999963e-02,-9.042631389890000426e-02
7.766636479030000206e-01,-3.940626415219999901e-03,-3.295608038350000268e-01,-3.322332819969999740e-01
1.766162305529999921e-01,-4.364705364300000001e-01,-5.437733691439999850e-01,-5.908457402840000539e-01
-1.604172318880000003e-01,-1.855310706240000107e-01,-6.487316484239999959e-01,-7.844204856549999993e-01
-8.826786367229999541e-02,-2.079476547419999988e-01,-7.370500710339999983e-01,-9.359401749260000125e-01
4.451268930249999839e-02,-3.224386621729999902e+00,-7.823428227430000437e-01,-1.059097013669999976e+00
-1.536174655710000059e-01,-1.968851250479999981e+00,-7.870507441759999612e-01,-1.150674289369999936e+00
-4.417141627010000016e-01,2.085676931710000126e+00,-7.994186490479999740e-01,-1.257816860109999935e+00
-7.168406450650000039e-01,-1.908919512599999979e-01,-7.916047020530000422e-01,-1.389526971150000012e+00
-9.268100056350000449e-01,4.395486204210000136e-01,-8.309064165349999698e-01,-1.480993406969999926e+00
-1.038620838249999956e+00,9.451452005939999790e-01,-9.126843370089999796e-01,-1.111187209709999957e+00
-1.120246134040000063e+00,2.920108392060000169e-01,-9.020436853919999720e-01,8.261744015630000104e-02
-1.136679295620000030e+00,9.316647614669999466e-01,-9.006057368019999843e-02,1.031179645049999927e+00
-1.145866405100000041e+00,-4.205199823419999983e-02,1.963027042490000040e+00,1.149796805210000050e+00
-1.148264109309999892e+00,2.162550449110000050e-01,2.823939134180000199e+00,1.329085315950000012e+00
-1.118175062539999987e+00,1.860955341649999928e-01,1.655977049250000110e+00,1.504269359570000075e+00
-1.115887960090000020e+00,1.185654800620000032e-01,9.819666420729999956e-01,1.259453891489999977e+00
-1.140509890199999932e+00,3.242422775530000023e-01,5.993454476409999510e-01,8.506291147729999613e-01
-7.596808503290000125e-01,4.150986334460000232e-02,1.443267466739999935e-02,8.167338586579999671e-01
7.074964774030000347e-01,1.702413603240000017e-01,-2.403736501679999971e-01,8.252874718860000458e-01
2.265640055300000011e+00,5.066329264859999876e-02,-8.317810317920000529e-02,5.448341607379999507e-01
2.228739013829999838e+00,1.383708476780000085e-01,1.953226717559999881e-01,3.251782564599999814e-01
1.486309680470000005e+00,1.593484237070000031e-01,6.950049240210000312e-02,8.283944928570000088e-02
9.978312451059999644e-01,9.072420761940000467e-02,-1.846990281789999966e-01,-1.846511919230000021e-01
4.426812850429999724e-01,-1.262412508430000024e-01,-4.127439598909999896e-01,-4.407286700210000241e-01
-6.703230684119999838e-02,-4.714775190059999899e-01,-5.947401286269999865e-01,-6.822658949319999611e-01
-2.945148714210000240e-01,2.520184927829999949e-02,-6.810860169019999910e-01,-8.473416537190000541e-01
-1.601771744380000029e-01,-9.722850794640000016e-01,-7.702988909019999886e-01,-1.001206048560000061e+00
-1.311876705889999939e-01,-3.727865659249999908e+00,-7.979154700330000072e-01,-1.117588012909999984e+00
-3.916821350270000002e-01,-8.192681639330000321e-02,-8.125868781199999669e-01,-1.210278665799999986e+00
-6.574655042170000074e-01,1.744084634710000081e+00,-8.164191472089999957e-01,-1.321700102090000106e+00
-9.147013706659999910e-01,-5.666279050389999572e-01,-8.176979354540000466e-01,-1.464883968629999922e+00
-1.086096228720000001e+00,1.015105213500000048e+00,-8.804296208920000533e-01,-1.478574666859999942e+00
-1.182896934820000023e+00,3.830389799389999905e-01,-9.583504068249999452e-01,-7.796094683930000491e-01
-1.229224235540000043e+00,5.068296301400000425e-01,-7.820491539099999612e-01,5.205035654990000094e-01
-1.256715342329999929e+00,5.795793265559999741e-01,5.591541279539999909e-01,1.122453145489999971e+00
-1.274592171279999908e+00,-2.690464348220000246e-01,2.594792641969999814e+00,1.221406184789999960e+00
-1.241206115250000019e+00,2.266978008170000003e-01,2.560205951689999981e+00,1.519060377620000013e+00
-1.267908691799999987e+00,-1.601792920900000083e-01,1.355678192390000092e+00,1.599662893829999932e+00
-1.317193660140000055e+00,-2.583248532189999849e-02,9.613165380739999710e-01,1.265529494829999990e+00
-1.271699626660000026e+00,-5.308104169749999768e-02,4.504868343530000208e-01,9.550808094789999814e-01
-5.521312904830000257e-01,-1.979585589660000089e-01,-6.301496561750000169e-02,1.040777692510000074e+00
1.218831636690000053e+00,-1.122233222520000046e-01,-1.785704359580000122e-01,9.382913350470000191e-01
2.356018879680000122e+00,-3.034021370259999961e-01,9.836462519859999476e-02,6.821941849120000123e-01
1.858840108399999913e+00,-1.966382565510000069e-01,2.771892074619999868e-01,5.120955207559999556e-01
1.211419596680000099e+00,-3.277640811940000232e-01,5.980242926320000069e-02,2.374511061740000040e-01
7.773687894140000054e-01,-3.107475906889999862e-01,-1.702393333149999910e-01,2.945020982240000029e-02
2.322014635029999996e-01,-5.719154452900000463e-01,-3.945314344849999988e-01,-1.905368892930000002e-01
-1.741156844199999998e-01,-7.638529180530000406e-01,-5.250814476980000256e-01,-4.046882390959999909e-01
-2.331920377610000039e-01,-1.245306915879999948e-01,-6.012031507189999902e-01,-5.587679254780000271e-01
-4.563226100480000103e-02,-1.756428502569999939e+00,-6.657709316780000552e-01,-6.907784532670000477e-01
-9.396773870010000085e-02,-4.034710935339999693e+00,-6.687810278829999788e-01,-7.705644174179999695e-01
-3.413300748909999793e-01,5.684754879090000435e-01,-6.840510567559999755e-01,-8.569782223290000056e-01
-5.893494511610000153e-01,1.275426166209999934e+00,-6.833388337119999933e-01,-9.754544790850000480e-01
-7.869319467530000445e-01,-5.722530528839999686e-01,-7.015081558300000353e-01,-1.132219015049999999e+00
-8.806810611009999734e-01,1.267213565350000071e+00,-7.757856885649999645e-01,-1.040519991550000078e+00
-9.494291756949999606e-01,4.930256163010000026e-01,-8.727605216329999971e-01,-1.236203669949999945e-01
-9.581472244140000205e-01,1.016172988389999920e+00,-5.249941414840000320e-01,1.104971059459999960e+00
-9.512836908399999736e-01,5.386015375729999999e-01,1.204994461559999896e+00,1.500104071640000036e+00
-9.632995013480000202e-01,-2.270626553910000123e-01,2.964738256429999996e+00,1.641895127630000006e+00
-9.598752407630000150e-01,3.464742981310000025e-01,2.342290710689999944e+00,1.974726682120000021e+00
-9.635669543820000182e-01,-2.742790974219999969e-03,1.293160687479999904e+00,1.931080319949999957e+00
-9.762711205999999864e-01,3.219448216069999980e-01,1.016799216309999920e+00,1.458804116959999897e+00
-8.697456938190000209e-01,1.739647377499999870e-01,4.505821810880000222e-01,1.163112287219999930e+00
1.885282841560000089e-01,1.553172345000000121e-01,-7.595135057139999583e-03,1.222721666410000019e+00
2.292158525290000082e+00,2.206833133149999904e-01,-1.122386872819999964e-01,1.022778539960000010e+00
3.091705652879999988e+00,2.943566097570000147e-03,1.473386855599999878e-01,7.339476629800000262e-01
2.338310227890000093e+00,1.454563187579999972e-01,2.257644928720000110e-01,5.278421001030000337e-01
1.847431507210000046e+00,7.237524171430000097e-02,-2.394047294060000150e-02,2.244888658209999999e-01
1.338104448299999971e+00,1.258634737709999896e-01,-2.499734855619999974e-01,-3.276626044559999978e-02
7.389603125960000352e-01,-2.193917318009999951e-01,-4.753785804199999743e-01,-2.946011950799999890e-01
3.463541281070000033e-01,-2.902043545069999952e-01,-5.855165209449999519e-01,-5.362911839870000419e-01
3.010456199850000125e-01,1.763236609419999990e-01,-6.741181906740000285e-01,-7.106447495280000526e-01
4.359941677170000029e-01,-2.219841234910000072e+00,-7.369138807439999939e-01,-8.546609712560000460e-01
2.566645166040000259e-01,-3.090969474100000003e+00,-7.525827222169999553e-01,-9.711920676469999458e-01
-4.746629392900000161e-02,1.792447391440000093e+00,-7.820314314590000038e-01,-1.073285316900000064e+00
-3.049336693699999934e-01,7.756005698040000507e-01,-7.789636337499999952e-01,-1.206507889999999916e+00
-4.976939708449999999e-01,3.145940912359999897e-02,-8.068323960740000356e-01,-1.337156851280000058e+00
-6.252598682979999545e-01,1.376487929869999904e+00,-8.801287293670000400e-01,-1.140069867390000047e+00
-7.168407189569999671e-01,4.062173053529999911e-01,-9.298629257770000267e-01,-1.084312304589999942e-01
-7.888274584450000182e-01,1.131186121150000057e+00,-4.241109953919999787e-01,1.049353274960000082e+00
-8.240796196220000480e-01,2.730180971180000138e-01,1.443683409299999942e+00,1.315740361310000051e+00
-8.135183257620000052e-01,9.102911175760000639e-02,2.896301850730000016e+00,1.456460304159999941e+00
-8.418969062450000207e-01,4.037672526550000196e-01,2.027536330169999790e+00,1.732329146609999926e+00
-8.760018196540000357e-01,1.144436922130000062e-01,1.122136050579999988e+00,1.593562823420000107e+00
-9.068568162679999656e-01,4.574803658000000106e-01,7.980414670590000314e-01,1.136011352019999920e+00
-7.250978389179999484e-01,1.688346859069999872e-01,1.856585352129999922e-01,9.798036681049999697e-01
4.830632781010000265e-01,2.497668191730000042e-01,-1.942069838459999920e-01,1.021354067569999913e+00
2.325076084740000049e+00,1.717384402609999916e-01,-1.443609341769999943e-01,7.632781121830000126e-01
2.683348930100000196e+00,5.845161213620000268e-02,1.726931067380000073e-01,5.317413693839999622e-01
1.912070141480000096e+00,1.682340554320000126e-01,1.581883932410000082e-01,2.948611097239999812e-01
1.396844419790000069e+00,8.640458080330000457e-02,-1.102260742639999958e-01,1.582182104539999953e-02
8.420523605049999860e-01,-1.682415244270000013e-02,-3.422333578530000198e-01,-2.267999093239999875e-01
2.611088883270000216e-01,-3.916278662250000098e-01,-5.509291381240000174e-01,-5.175940806440000319e-01
-7.302305371950000568e-02,-1.954422845740000012e-02,-6.478712384620000098e-01,-6.958784374990000243e-01
-2.663833780159999970e-03,-6.323749833670000431e-01,-7.353487401480000019e-01,-8.440808987119999829e-01
1.192272620609999972e-01,-3.729713102399999869e+00,-7.787325166170000479e-01,-9.787633341120000052e-01
-6.509513727370000447e-02,-7.799966176829999931e-01,-7.850129399799999907e-01,-1.062100825759999978e+00
-3.256700933189999869e-01,2.007601940869999879e+00,-7.968800479240000234e-01,-1.173942077009999974e+00
-5.614523837010000351e-01,-5.215844570359999821e-01,-7.901799007630000427e-01,-1.305213539589999971e+00
-7.525321497010000193e-01,8.939684666070000230e-01,-8.374036031920000234e-01,-1.361203829099999929e+00
-8.674264901649999526e-01,6.551303508250000407e-01,-9.233352693649999887e-01,-8.177020697850000408e-01
-9.099932125740000100e-01,4.793772427760000232e-01,-8.260391247239999846e-01,4.584539135060000103e-01
-9.179246192029999474e-01,8.007175323999999872e-01,2.821952843659999988e-01,1.215762681399999989e+00
-8.956827461930000345e-01,-1.385597693179999867e-01,2.338456697249999827e+00,1.280486452099999894e+00
-8.612580764420000312e-01,3.145332326670000067e-01,2.662770829129999850e+00,1.528507899460000097e+00
-8.600726295499999674e-01,4.673719182209999656e-02,1.445028402269999956e+00,1.649403589390000091e+00
-9.233731128250000086e-01,1.749721344959999925e-01,9.550587355449999816e-01,1.310151370010000038e+00
-9.719427831839999588e-01,2.498339358430000101e-01,4.900896908049999778e-01,9.551777867490000018e-01
-4.310586838670000254e-01,1.174535496210000057e-01,-7.470856042460000124e-02,9.739307278650000121e-01
1.250411446870000054e+00,2.713152920910000265e-01,-2.410898923550000017e-01,8.834146431630000018e-01
2.571919346500000092e+00,4.400456387630000132e-02,-1.502095828979999916e-02,6.076354512610000480e-01
2.176396291360000124e+00,1.459589085009999898e-01,1.949910891589999862e-01,3.974544577149999869e-01
1.468815789930000060e+00,1.230025920660000049e-01,9.135646174689999316e-03,1.148779881619999971e-01
9.855584612790000421e-01,3.905197789249999912e-02,-2.321384718779999912e-01,-1.468911321459999975e-01
3.690538226519999854e-01,-2.657349116659999955e-01,-4.610612794849999752e-01,-4.184245702780000076e-01
-1.801490967740000115e-01,-2.505442261909999746e-01,-6.223026982349999514e-01,-6.583339025119999688e-01
-3.886673757440000099e-01,1.236045899479999988e-01,-7.101390741969999532e-01,-8.087610528569999513e-01
-2.149896792000000056e-01,-2.445471969959999825e+00,-7.892846795560000128e-01,-9.545112922480000206e-01
-2.617120764470000083e-01,-2.909637182480000028e+00,-7.955060428350000379e-01,-1.037059238149999896e+00
-5.211432330499999876e-01,1.786525414560000025e+00,-7.970150396849999819e-01,-1.109347160780000063e+00
-7.575251745269999670e-01,3.533596063819999800e-01,-7.791614539460000044e-01,-1.213975189349999928e+00
-9.968704406789999917e-01,-6.162301241890000281e-02,-7.865785545310000071e-01,-1.302443520039999969e+00
-1.144665028439999954e+00,9.862210267659999863e-01,-8.591806004680000441e-01,-1.079264477920000020e+00
-1.234980178090000047e+00,-7.644135821470000348e-03,-8.850734109269999816e-01,-2.057608770960000014e-02
-1.295156914979999963e+00,8.057057909560000342e-01,-3.313245552340000066e-01,1.100298358220000106e+00
-1.289192772650000096e+00,-5.150723103919999796e-02,1.562278870819999943e+00,1.356429047290000023e+00
-1.250794252249999960e+00,-1.483537236620000033e-01,2.925785048469999872e+00,1.552953645309999908e+00
-1.236273832399999995e+00,4.622873983200000148e-02,2.003051928980000174e+00,1.834851208639999953e+00
-1.270834973499999965e+00,-2.438242648789999967e-01,1.142013834329999922e+00,1.682276199419999951e+00
-1.310402405320000074e+00,2.710136478689999934e-02,8.102631202490000462e-01,1.269571500430000111e+00
-1.079349420890000077e+00,-2.686103073509999994e-01,2.035254933350000017e-01,1.175216758709999976e+00
1.400397764240000065e-01,-1.481495904869999936e-01,-1.277647205150000131e-01,1.247502963549999899e+00
1.897185854229999968e+00,-2.196996162940000052e-01,-3.249367792200000271e-02,1.008000401519999922e+00
2.223608084389999906e+00,-3.353580496599999905e-01,2.830186203169999803e-01,7.796098404910000168e-01
1.537120370800000080e+00,-2.794423733210000260e-01,2.446945101150000135e-01,5.639802384230000465e-01
1.075455923420000071e+00,-3.236542023489999975e-01,-2.210280621890000144e-02,3.023979415629999834e-01
5.663891309590000089e-01,-4.381391423289999754e-01,-2.451199390919999999e-01,8.175628246020000267e-02
6.801780082720000620e-02,-6.774267480129999575e-01,-4.431790634600000223e-01,-1.828432460689999872e-01
-1.753297382110000080e-01,-9.911418534870000685e-02,-5.409477094989999513e-01,-4.181905146759999914e-01
-4.813441489649999960e-02,-1.294608334899999935e+00,-6.426556828589999881e-01,-6.063973702510000452e-01
6.259054833999999623e-02,-4.103271737780000095e+00,-7.056070020870000015e-01,-7.380063660919999879e-01
-1.257235828549999879e-01,2.131817864839999910e-01,-7.117865422510000206e-01,-8.384979318130000303e-01
-3.670185394000000101e-01,1.769972662350000059e+00,-7.125934525549999510e-01,-9.723127703709999459e-01
-5.953842019199999669e-01,-5.265277577189999558e-01,-7.179200105599999882e-01,-1.128837062889999965e+00
-7.594625885369999940e-01,1.352011087029999947e+00,-7.835840822159999552e-01,-1.101239106850000038e+00
-8.428880487750000094e-01,6.579090135020000396e-01,-8.696358426239999551e-01,-3.055154986740000189e-01
-9.053570786589999475e-01,9.705826354280000512e-01,-6.170202092919999659e-01,9.894629698500000403e-01
-9.215397566420000519e-01,7.811730795789999515e-01,9.198143210760000299e-01,1.490201169619999932e+00
-8.879977868209999459e-01,-1.521589631489999872e-01,2.853803113550000159e+00,1.580502048110000057e+00
-8.537682204800000063e-01,4.836910658279999775e-01,2.505342431489999910e+00,1.909140684140000044e+00
-8.297825969869999652e-01,1.565610133389999936e-01,1.369111273059999911e+00,1.930729954950000105e+00
-8.663473642400000285e-01,4.209519206919999923e-01,1.053221287129999961e+00,1.481967511279999927e+00
-8.620826182809999683e-01,3.648881985210000178e-01,4.934111524790000258e-01,1.125491488950000063e+00
-8.012165641339999422e-02,3.013374230110000274e-01,-2.287151391219999913e-02,1.186403517210000036e+00
1.740704316099999982e+00,3.769257433700000104e-01,-1.537494544349999881e-01,1.024426239619999901e+00
2.664085670750000023e+00,1.646288317240000021e-01,1.275026325059999965e-01,7.090013796090000042e-01
2.067910558799999965e+00,2.745586660479999996e-01,2.655832393259999757e-01,4.986827943909999949e-01
1.533005520299999924e+00,1.524572318150000105e-01,1.521496217609999944e-02,1.977414349880000088e-01
1.065993455879999940e+00,1.650727681280000081e-01,-2.260666658090000058e-01,-5.951336413569999900e-02
4.816860170410000030e-01,-1.429135886629999963e-01,-4.625099189569999991e-01,-3.268330912790000098e-01
7.586958918870000124e-02,-1.553213427110000100e-01,-5.875103593199999530e-01,-5.744251769879999969e-01
2.429960511820000117e-03,2.628634811369999769e-01,-6.686153424030000236e-01,-7.413881844440000091e-01
1.412555016129999896e-01,-2.263890422379999823e+00,-7.374681741280000313e-01,-8.986820283090000139e-01
3.249056554129999691e-02,-2.897717951350000209e+00,-7.475072838859999624e-01,-1.006093079860000072e+00
-2.511613616689999939e-01,1.907795220129999914e+00,-7.695372277640000203e-01,-1.106119318620000014e+00
-5.086801240020000225e-01,6.360226177790000435e-01,-7.665689990409999544e-01,-1.237997453059999975e+00
-6.722356880880000496e-01,1.183484513470000055e-01,-7.945917731920000282e-01,-1.366585818899999971e+00
-7.393379480149999683e-01,1.394267626500000024e+00,-8.722602591550000506e-01,-1.165200593730000067e+00
-8.414113018929999521e-01,3.978553258040000151e-01,-9.156636677899999688e-01,-1.010449491189999993e-01
-8.865937402279999713e-01,1.117478127929999898e+00,-3.736762338729999744e-01,1.022849616160000030e+00
-8.684025822959999807e-01,2.762776671880000090e-01,1.534772438709999909e+00,1.243067516240000003e+00
-8.770784439369999630e-01,1.593081847499999981e-01,2.917986850300000157e+00,1.367368809310000044e+00
-8.721954638500000190e-01,4.171293767609999814e-01,1.991467084609999993e+00,1.605009117770000104e+00
-8.912215372370000388e-01,9.270011375139999843e-02,1.118425371969999915e+00,1.449364629319999986e+00
-9.549541599969999517e-01,3.545173152469999756e-01,7.830042496529999729e-01,9.785839784669999597e-01
-8.007595759190000440e-01,1.451537631139999951e-01,1.568596170240000032e-01,8.139767506330000124e-01
3.459426850910000129e-01,2.523770327639999755e-01,-2.001945464419999932e-01,8.890253487370000096e-01
2.090491075760000150e+00,1.958878188879999982e-01,-1.230172478519999946e-01,6.613050015879999854e-01
2.427884175370000008e+00,1.382436378030000024e-01,1.831962903509999907e-01,4.020069196730000072e-01
1.716574764820000043e+00,1.218402049890000005e-01,1.475652494149999883e-01,1.542664204820000107e-01
1.221750441129999976e+00,3.970522148589999967e-02,-1.125055738120000065e-01,-1.132872747809999942e-01
6.957148041840000019e-01,6.502971328059999924e-03,-3.408876109799999776e-01,-3.564072917860000023e-01
2.071027454640000098e-01,-4.359285765090000209e-01,-5.435906431970000119e-01,-6.212790440669999636e-01
-6.094495619740000064e-02,-1.402828834590000018e-01,-6.418373734210000014e-01,-8.048110692350000095e-01
-1.330513387430000069e-02,-2.360617775809999985e-01,-7.316006083720000275e-01,-9.580987407050000071e-01
1.037444409709999960e-01,-3.266127195480000189e+00,-7.684448041539999608e-01,-1.086338963049999995e+00
-5.655902692030000123e-02,-1.757075872960000007e+00,-7.788731515150000284e-01,-1.176451325169999951e+00
-3.285541362789999864e-01,2.171730184589999890e+00,-7.920474336439999874e-01,-1.276840763560000092e+00
-5.817310837189999528e-01,-2.018640027970000084e-01,-7.867087010779999501e-01,-1.415061574779999942e+00
-7.899699122519999728e-01,5.540783765290000495e-01,-8.299875954950000079e-01,-1.516997928079999891e+00
-9.098717659739999908e-01,9.298620534320000131e-01,-9.163058746679999533e-01,-1.110276012479999963e+00
-9.678907805259999719e-01,3.152005124169999783e-01,-8.902146068749999808e-01,9.625016020420000540e-02
-1.002523339889999976e+00,8.865546688080000459e-01,-7.687064645920000175e-03,9.850086149990000539e-01
-1.014056540079999902e+00,-1.201346712289999979e-01,2.067445337660000160e+00,1.084910773959999908e+00
-1.026179212099999960e+00,2.483031542780000100e-01,2.817394222179999907e+00,1.276872256819999940e+00
-1.046478895299999934e+00,2.046177347760000098e-01,1.630765255590000073e+00,1.438771529550000094e+00
-1.097829370859999987e+00,1.288082972469999921e-01,1.018506788610000102e+00,1.171580492309999944e+00
-1.157135382869999951e+00,2.610484035030000149e-01,6.171229214090000470e-01,7.682918689850000149e-01
-8.160901476830000334e-01,5.390894046400000056e-02,1.931239439949999914e-02,7.514023017509999791e-01
6.232405973500000362e-01,2.474013066959999951e-01,-2.195088427090000072e-01,7.373229697650000025e-01
2.175450867319999926e+00,5.437612015559999817e-02,-5.701524776450000304e-02,4.494885168619999760e-01
2.136734741570000207e+00,1.558483873079999915e-01,2.016024932319999963e-01,2.243121646959999882e-01
1.450292716579999919e+00,1.558812896890000022e-01,5.918736699499999726e-02,-3.861892672960000328e-02
9.893624209279999748e-01,8.683283943899999802e-02,-1.942142664439999999e-01,-3.115494478510000276e-01
4.436605751909999951e-01,2.679833661550000065e-02,-4.206511580819999874e-01,-5.671423366040000413e-01
-3.530894812549999900e-02,-3.645409306399999827e-01,-5.979534843060000382e-01,-7.874378973790000513e-01
-2.476188135709999905e-01,1.381113872690000084e-02,-6.856584580279999619e-01,-9.476706952040000465e-01
-1.319822453900000025e-01,-2.188991631980000130e-01,-7.763997995989999623e-01,-1.104545358750000039e+00
-1.008779411120000052e-01,-3.345986897590000009e+00,-7.915963562000000175e-01,-1.199208875240000083e+00
-3.188468395879999751e-01,-1.605434987580000028e+00,-7.962506906990000077e-01,-1.280690388910000088e+00
-5.664407164050000443e-01,2.106756537679999930e+00,-7.973761973420000482e-01,-1.359961278429999920e+00
-8.124996016879999505e-01,-3.557205681839999967e-01,-7.949658061680000554e-01,-1.476629375849999981e+00
-9.566603304930000329e-01,4.936063716399999857e-01,-8.394402131149999446e-01,-1.552859282840000077e+00
-1.025062473680000030e+00,6.839420459289999865e-01,-9.089961549820000375e-01,-1.100401076690000091e+00
-1.088535797930000104e+00,1.511219946980000006e-01,-8.691609361380000509e-01,1.174078297610000043e-01
-1.109693361579999982e+00,7.447135054429999679e-01,4.248019720469999733e-02,9.734826156800000518e-01
-1.100981464199999982e+00,-3.541097545219999976e-01,2.124979415569999919e+00,1.075351781569999998e+00
-1.078211002670000029e+00,-3.146300393729999784e-02,2.840949671100000185e+00,1.323413738760000014e+00
-1.080422768210000051e+00,-1.349403463440000117e-01,1.645848844000000089e+00,1.496195006500000035e+00
-1.115862504140000100e+00,-2.578662892649999927e-01,1.049485375970000023e+00,1.242106143140000007e+00
-1.126270445719999902e+00,-1.163352407630000029e-01,6.619028108750000250e-01,8.622002638860000179e-01
-7.070677175299999728e-01,-3.738677396299999733e-01,7.081406800509999766e-02,8.573732089200000184e-01
8.425197691579999759e-01,-1.840778752030000076e-01,-1.545972483070000014e-01,8.847372508809999703e-01
2.563406858030000013e+00,-3.163806710579999959e-01,2.900107806510000136e-02,6.581055097769999973e-01
2.643287220780000002e+00,-3.051486863940000016e-01,2.933844169470000152e-01,4.591814681040000123e-01
1.870335050060000004e+00,-3.161364209099999933e-01,1.538869902109999965e-01,2.215633543870000055e-01
1.361816394799999941e+00,-3.009704223210000196e-01,-1.010804063769999983e-01,-4.522124187749999879e-04
8.317970057119999927e-01,-3.389629385269999906e-01,-3.246956895309999758e-01,-2.512109701740000145e-01
3.303403791990000005e-01,-6.604717078830000254e-01,-4.986099950630000222e-01,-5.292276857319999639e-01
1.348762700339999898e-01,-1.452451704480000050e-01,-5.960741535010000147e-01,-7.147406655279999743e-01
2.988276801420000073e-01,-8.785707118150000161e-01,-7.053713442590000549e-01,-8.602329916959999823e-01
3.451047565770000158e-01,-4.042685314499999905e+00,-7.357193143820000003e-01,-9.966543562849999871e-01
1.247989761289999971e-01,-5.943137276709999917e-01,-7.401911132099999735e-01,-1.102063751750000042e+00
-1.367903802980000028e-01,2.110774326190000050e+00,-7.614538165569999517e-01,-1.209336457860000102e+00
-4.115933263159999855e-01,-6.196787552110000208e-01,-7.747096832969999625e-01,-1.364686603230000017e+00
-5.479330665830000058e-01,1.081263254900000081e+00,-8.258770515969999781e-01,-1.395645712859999943e+00
-6.225259046800000196e-01,8.323707773709999591e-01,-9.084196156329999994e-01,-7.338434592189999606e-01
-6.708233488999999494e-01,8.000539447929999604e-01,-7.623050999599999544e-01,5.484554305859999923e-01
-6.459639027139999490e-01,9.373087021479999947e-01,5.493200597339999991e-01,1.151339854569999988e+00
-6.592303900160000341e-01,-2.228634838100000126e-01,2.602390649719999782e+00,1.204877107319999974e+00
-6.474539317349999878e-01,4.250039689299999757e-01,2.615156058130000183e+00,1.492955293609999901e+00
-6.383147796910000338e-01,1.081053576460000026e-01,1.403313734249999944e+00,1.577832205660000042e+00
-6.806937251950000434e-01,2.191610806410000112e-01,1.019193408560000069e+00,1.199246825349999934e+00
-6.654474558199999779e-01,2.799330535330000203e-01,5.313734181500000542e-01,8.134690669680000319e-01
-4.715247645940000287e-02,1.080807251539999958e-01,-2.631644516109999873e-02,8.565314046869999531e-01
