-0.36536273728,1.16125794226,0.687769396184,-0.787747323388,-0.860891482349,-0.900797071552,-0.847104137839
-0.404465223341,1.00115580664,2.88031356449,-3.01830944799,-2.925309035,-1.01326778139,-0.696265285661
-0.4772860406,0.800377021407,-1.38647370571,-0.509245644381,1.50436987942,-1.1149260485,-1.08416364465
-0.565321080999,0.575853082253,-2.10625498542,2.13847434603,1.59615522872,-1.16543254112,-0.928645687396
-0.6524817842,0.420478654703,0.569291934134,0.0178691395404,-0.820084403185,-1.15030021701,-1.10129374453
-0.697187285184,0.335936808706,-0.474178328318,1.04076141478,0.389243540877,-0.176868832807,-0.340572325291
-0.712089540893,0.302506434572,0.198928349664,0.397729342399,-0.381470345284,1.33930372951,1.67568565019
-0.720783999775,0.284836151445,-0.937923385466,-0.233723770939,0.96132408436,1.47870116415,1.64910446809
-0.731780143378,0.263170923832,-1.05209027849,0.489095769537,0.953570146249,1.55663516074,0.890816789868
-0.775407606558,0.210375469508,0.225769199883,0.584100717434,-0.293779740766,1.78597927492,1.86102581101
-0.849461695409,0.161901379998,0.0326148462434,1.0601427009,-0.118709703604,1.01433598626,0.526991459407
-0.927525263605,0.117601865981,0.507077814428,0.0843295526173,-0.438768487514,0.353023695142,0.0160820250816
-0.991112608186,0.0797863656288,0.0650888413685,-0.160185786259,0.141771660827,0.0277487523947,-0.221342388615
-1.01139762604,0.0635808447541,-0.202802910591,-0.140796826737,0.350403760216,0.0018107581294,-0.34912107213
-0.992133321133,0.0959073598772,-0.0209042910845,-0.32070657342,0.193429039005,-0.27755907727,-0.430439772452
-0.94811095284,0.412967428104,0.264681452992,-0.0285633677338,-0.0914041621034,-0.557588567402,-1.0858128971
-0.872287586818,0.980807638056,0.834294415172,-0.253258991998,-0.572525701294,-0.632827021942,-0.547286277196
-0.8015394541,1.2367834444,-0.17917290639,-0.31314302709,0.296150566416,-0.83942934349,-0.800760692754
-0.761730806343,1.1603093769,0.563728495502,-0.755446477217,-0.77145674247,-0.923610782663,-0.798768595845
-0.759112927772,1.13891408225,2.81832331934,-2.98136810829,-2.83513786662,-1.05117970223,-0.801131975156
-0.793319249564,0.795646509475,-1.25623109199,-0.578638338895,1.41741777641,-1.1297214967,-1.06285932243
-0.824551843437,0.120405074661,-2.18511355271,2.24787376701,1.66659643147,-1.19196282435,-0.90572517695
-0.839772705931,-0.215976316701,0.548913792325,0.0850910842445,-0.800576307839,-1.17837678375,-1.03355650242
-0.828395877221,-0.398609988291,-0.457461256626,1.05211776681,0.363133191326,-0.229795542233,-0.331414031044
-0.791328558396,-0.502529561901,0.243653465654,0.459432398271,-0.395346274812,1.28251550726,1.62331065994
-0.75947759732,-0.512685973385,-0.887761992215,-0.280428474745,0.968982703121,1.44423869202,1.68969159432
-0.745959292244,-0.635117836772,-1.13124549374,0.496410222431,1.01595800276,1.48809795556,0.894245413004
-0.769620419451,-0.748017733942,0.243998352376,0.592979181528,-0.29410855141,1.73047563277,1.90436550012
-0.831429315446,-0.87955934485,0.102557999229,1.09935041942,-0.18698157726,0.95866437485,0.559403526209
-0.89259088507,-1.00439646592,0.585519656457,0.12244784522,-0.475747558658,0.300795745652,-0.0107999122602
-0.932254581169,-1.06395877334,0.0608114266425,-0.189216553653,0.161996008646,0.0217667468887,-0.201838872388
-0.938591751162,-1.14239092156,-0.239883190399,-0.143975499234,0.374444642208,-0.0251668636239,-0.379553490028
-0.904152870975,-1.04548756734,-0.0311929899512,-0.318176915521,0.301341014406,-0.297467200025,-0.419524917296
-0.844179716278,-0.206224745131,0.135793206232,-0.00807701910825,0.0387780585206,-0.5642697572,-1.04700151536
-0.767401003561,1.28403876519,0.824589264126,-0.225502674129,-0.544015751101,-0.649850888756,-0.536399739998
-0.690085241835,1.98500119688,-0.0731919570179,-0.340126250959,0.347036750694,-0.842897276286,-0.763786835775
-0.63675493585,1.72384700286,0.202393657997,-0.655677895361,-0.441541144122,-0.934227299668,-0.703965827441
-0.626804839419,1.28656381963,2.70762103582,-2.8745621143,-3.00304356891,-1.0590277525,-0.753994363372
-0.650101537913,0.675879957085,-0.635837518774,-1.25429528715,0.83071821464,-1.13538414626,-1.05131242891
-0.680336361873,0.156640135821,-2.51645786859,2.26022635306,2.15788361696,-1.1992299682,-0.910215505702
-0.70570321744,-0.212912243918,0.45934098674,0.260344411715,-0.846738974,-1.22382499731,-0.990864617893
-0.707751279312,-0.451422758177,-0.355256964149,0.847000966636,0.322891770774,-0.445825045903,-0.443709039772
-0.687961690508,-0.49225543245,0.0615689453851,0.650632845326,-0.268402720022,1.10958314258,1.40907949726
-0.666312728634,-0.548846951855,-0.759580858147,-0.425944765209,0.747651339658,1.45734969248,1.89189574429
-0.654900644763,-0.642174539172,-1.34879191032,0.41236051112,1.29971684483,1.38053970159,0.758162762422
-0.674909540832,-0.763060664928,0.163810955728,0.538051536533,-0.243316769822,1.7147384612,1.82404105451
-0.729065720645,-0.898753198117,0.0898718354965,1.13634844544,-0.175175714296,1.02553277406,0.802897827742
-0.796193133493,-0.990911153866,0.514123972175,0.297761529754,-0.476719430937,0.302346994844,-0.103030533825
-0.853420345552,-1.07390090173,0.157067028102,-0.184031805706,0.0592758851984,0.0245277585039,-0.0619880396091
-0.872303129414,-1.15664073022,-0.251192496148,-0.0522029515802,0.384680365881,-0.0369315394726,-0.401317475221
-0.850647978986,-1.08795503941,-0.00138438165488,-0.294469613175,0.189519012926,-0.26907304307,-0.319720248069
-0.793834324287,-0.375032444311,0.0307345790375,-0.0343735466646,0.124270366267,-0.559202907583,-0.991109314467
-0.707818821825,1.06017021493,0.787920593056,-0.170278646997,-0.555574906771,-0.647706582173,-0.632727268251
-0.626761634105,1.93928677075,0.224448089443,-0.303528154382,0.037941474343,-0.835590140127,-0.735856639158
-0.570299821625,1.77259547942,-0.172434947576,-0.456079217376,-0.0144084127172,-0.940098481232,-0.829254151887
-0.547712911673,1.29452312215,2.51377780648,-2.41774341736,-2.89893089141,-1.05772042039,-0.803907550513
-0.556283985199,0.730975930845,0.501550249086,-2.11741825645,-0.355632362181,-1.14908645453,-1.08618118003
-0.57320699883,0.186930012634,-2.86213082292,2.05134899215,2.6441429391,-1.20202681674,-0.934578216601
-0.588042108231,-0.212008847766,0.117821093009,0.69649612301,-0.598337988449,-1.2742859334,-1.07448083929
-0.580387042562,-0.434446349102,-0.113144410989,0.515962256784,0.0642486214248,-0.730708619404,-0.777793762906
-0.547034612918,-0.485385022058,-0.134752484529,1.01376489683,-0.0740458159005,0.802319815748,0.954035978779
-0.5090515293,-0.531487527861,-0.35528697444,-0.457440321479,0.329056179979,1.46709833409,1.96768237536
-0.476407194597,-0.621886927402,-1.55417713452,0.276075336717,1.54033136631,1.26803302127,0.736130717208
-0.4762037767,-0.749752292869,-0.00675631849234,0.434974646981,-0.0905316244855,1.6521064729,1.53661099455
-0.515598200367,-0.888263909511,0.18041040986,1.02807644048,-0.266756158301,1.17527754452,1.07623864378
-0.567644642952,-0.983398511061,0.37877572805,0.531060392243,-0.37604820674,0.358148728917,-0.222403902361
-0.607866939512,-1.08108132975,0.311830746709,-0.238789016048,-0.0755879352227,0.0256516615227,-0.101661045967
-0.605865629911,-1.16044726166,-0.266122453514,-0.0215929341883,0.35090514529,-0.0532742220748,-0.520284900483
-0.559899530783,-1.14286495164,0.0201464839653,-0.301730993479,0.115137945402,-0.226773286284,-0.48070358103
-0.481528217899,-0.667551881496,0.215613926809,-0.0243752469109,-0.0257640771665,-0.556176627418,-1.09871216938
-0.367032141431,0.694612345785,0.71291922584,-0.197533425004,-0.517495846019,-0.661411072114,-0.913595186352
-0.228516555959,1.92516211921,-0.132162104105,-0.42472185034,0.318187580031,-0.830183754853,-0.814102783151
-0.0894333247063,1.90190458636,0.35560119072,-0.625351973542,-0.55141282166,-0.956628897236,-0.979890873981
0.00730085920607,1.42368032146,2.83581009516,-2.94322844059,-2.81237201278,-1.05395630636,-0.939377004488
0.063275450455,0.913544446423,-0.994954306763,-0.966596027262,1.21351989933,-1.16421481845,-1.16524465171
0.113110214265,0.298622322266,-2.2249775677,2.13608561115,1.69095361963,-1.22036879964,-1.08573405105
0.169870596993,-0.135831731513,0.701278087718,-0.0136028657103,-0.896497499035,-1.23252534235,-1.21163527948
0.248279414977,-0.392775065163,-0.398143684222,0.790978916145,0.346395469546,-0.410212652894,-0.776686715635
0.353583599517,-0.479387311273,0.180810401471,0.302689738186,-0.313989221921,1.13273831706,1.30056901383
0.478040047163,-0.522533187009,-0.888986162396,-0.557684457665,0.975011771351,1.37331716689,1.63358534634
0.599609358776,-0.591683392791,-1.21643048253,0.310291313033,1.12123574942,1.29039884301,0.595321113515
0.670565929754,-0.711669961056,0.377291708119,0.434371941078,-0.421614821234,1.57737786921,1.62019130259
0.693073257235,-0.859303764542,0.215075840797,0.979374001307,-0.316600741809,0.853145472997,0.502346085215
0.706440281221,-0.982247986981,0.566659374122,0.140579881223,-0.486183623953,0.159989515072,-0.282824095832
0.723609606493,-1.10377296286,0.0603615915575,-0.138706118233,0.131441198577,-0.0516521720872,-0.310066797464
0.763681524707,-1.1674579109,-0.211281980923,-0.0542274856903,0.300803595004,-0.0931664333725,-0.537823745818
0.836318284868,-1.11220574967,0.299857722184,-0.206166672122,-0.106677786675,-0.353109652407,-0.71402711866
0.947006706402,-0.4216954673,0.61510952504,0.00822963305693,-0.384277466852,-0.615874443717,-1.30136708926
1.10021152064,1.08030866201,0.00299128102715,-0.378019805756,0.162186541804,-0.68699097611,-0.795706262347
1.25524185891,1.97813784105,0.141897260486,-0.517682767026,-0.360975862866,-0.86770442843,-0.832043335094
1.39138956939,1.71517036589,2.79013061138,-2.60090195284,-3.06710006048,-0.965457080325,-0.700502413893
1.49342261594,1.24162139142,-0.557133118656,-1.39251572256,0.684289414424,-1.06469554505,-0.626021151019
1.54865310979,0.658624656659,-2.44676610544,2.11516532244,2.08360618845,-1.16112142012,-0.907918031357
1.56940905179,0.0760489906312,0.631493554747,0.0937158999331,-0.970059996791,-1.16390825651,-1.01170595446
1.57262019905,-0.294765104273,-0.405877013548,0.639622781034,0.361352294319,-0.485164480239,-0.720196188856
1.58262971336,-0.481648246297,0.146794450026,0.487607484632,-0.273115829325,1.09920045,1.424047509
1.58967408672,-0.505130902875,-0.715536657573,-0.625096132202,0.80969253001,1.4929051893,2.03390851978
1.56757980511,-0.549125440529,-1.32439320848,0.192899228573,1.31318696369,1.34868689053,0.825491896947
1.49543397502,-0.636679495958,0.235952491492,0.419361912327,-0.270817378043,1.69605810442,1.98137585855
1.35481423692,-0.771810804889,0.146320364076,1.08065410778,-0.218732049426,1.03193678695,0.826647621761
1.16872294111,-0.899429390301,0.512970771857,0.285580169263,-0.491704358575,0.287032915074,-0.193860093552
1.0008647233,-1.00033622468,0.0708916566815,-0.131339312454,0.136395823147,0.0235752635039,-0.0309401686559
0.858988416662,-1.08886262534,-0.257999405664,-0.0208575516889,0.370515976145,-0.0234643562416,-0.392987547556
0.738266549856,-1.07783356187,0.225614211926,-0.199323592113,-0.0661589886625,-0.256580776622,-0.394754723356
0.654943016482,-0.4638635331,0.576289461819,0.0267566266494,-0.319028283234,-0.555827101321,-0.978221067762
0.608370401815,0.984352552468,0.121862513662,-0.355313587819,0.0784112921331,-0.641378969149,-0.663964469674
0.585875783943,1.96889971118,-0.271429384393,-0.407415705078,0.0344135107668,-0.824759843954,-0.853062380556
0.555660775466,1.80602806802,2.39186364418,-2.47715202605,-2.78687509588,-0.928817460633,-0.825359820251
0.495797840086,1.32709624637,0.360378326888,-1.9531787022,-0.0803466632269,-1.02814594463,-0.673134247773
0.409077924952,0.759905693975,-2.86956588385,2.22910272848,2.49883466548,-1.12627797148,-0.947497742283
0.306817974997,0.187567125997,0.27666692951,0.445226323393,-0.699686782021,-1.14461005752,-0.945734352778
0.206742243265,-0.203443219653,-0.130948918621,0.676182593306,0.110513078972,-0.549238629185,-0.82662979125
0.124233239376,-0.430710213121,-0.0204536441369,0.952744640781,-0.29218527025,1.05760096653,1.08795647466
0.0637501973824,-0.494260245511,-0.220263774499,-0.387252865613,0.256545684686,1.60951904041,2.10664563416
0.00150044698909,-0.549830745116,-1.37477959508,0.45517220166,1.30340245411,1.49960322741,0.817164840129
-0.0991797562905,-0.62967363654,0.13401911057,0.439293271762,-0.19947924808,1.90925987964,1.90029316873
-0.247701869771,-0.75706233213,0.100582694379,1.03242642108,-0.157415315663,1.33976850519,1.13109783694
-0.409155075126,-0.879932529784,0.36605031928,0.441336667251,-0.347963915171,0.577385128461,0.044917748233
-0.552591393216,-0.982526415712,0.321765098203,-0.211733077969,-0.0620702798695,0.110309558157,0.0149310583921
-0.653637187201,-1.0785418011,-0.317751791275,-0.0532072435327,0.436376075735,0.0236389263031,-0.494032290285
-0.704052551542,-1.05283613804,0.0365537427282,-0.319519970039,0.173983115478,-0.118889797838,-0.0681052588587
-0.711890758004,-0.487821499559,0.346798711582,0.000605285997249,-0.12440199785,-0.503065451996,-0.92557987639
-0.68486669711,0.964906641144,0.666832335558,-0.224776902363,-0.44268468582,-0.573252454904,-0.600672983338
-0.644015862206,2.07675068035,-0.349479565763,-0.332355173064,0.457329569056,-0.76943143787,-0.60463382867
-0.615732097154,2.01526896586,0.642032726165,-0.976456040579,-1.12635213961,-0.892155700998,-0.907124381222
-0.628216712222,1.57971063387,2.60083284025,-3.2639360328,-2.75885213698,-0.98522037373,-0.590055093069
-0.673301912136,1.0225493092,-1.73893979675,0.0562986852891,1.91884500752,-1.1005142538,-0.921719582141
-0.727268254731,0.404778749568,-1.86443185322,2.08984266884,1.2552129949,-1.14508078868,-0.83337739222
-0.77644047957,-0.0733985682866,0.56265937763,-0.0323683222734,-0.752561674829,-1.07291311602,-0.949277642864
-0.789304098737,-0.389880214101,-0.469600192768,1.23639566194,0.312594199519,0.0609101255654,-0.125268969381
-0.774683135143,-0.463424515224,0.310751101143,0.195337837674,-0.506800442418,1.48970304211,1.9701101923
-0.753185299054,-0.500482689892,-1.01161412322,-0.107395126045,1.05969204512,1.48434633912,1.53757587258
-0.741046170877,-0.589486405186,-0.856389233966,0.531997606283,0.733765824491,1.69233270249,1.13180081537
-0.769698907285,-0.714379327062,0.335303722081,0.658551126082,-0.355012041949,1.8141362432,1.97018898486
-0.837868821841,-0.859942093763,0.0489374255565,1.03586117545,-0.175449036955,0.985613401847,0.470197824467
-0.9212167357,-0.966910557201,0.511143290708,0.00427299755301,-0.383181979977,0.355168781509,0.174560944334
-0.985292620098,-1.06748995165,-0.0842457597551,-0.096245705932,0.314033591639,0.0451612184891,-0.218225284262
-0.996063284281,-1.12420111086,-0.239173533272,-0.199106056648,0.362042148537,0.0217539449303,-0.143613235025
-0.965689592652,-0.974155543386,-0.0231320306023,-0.254463781598,0.289780978732,-0.301285801426,-0.386211762735
-0.905660268629,-0.01446230304,0.202862402704,0.0201997685854,-0.0227785861604,-0.537232420339,-0.886745802965
-0.815856082687,1.5265421897,0.770305758024,-0.276665159258,-0.476997603962,-0.627489565396,-0.364298653725
-0.735690222757,2.15993960631,-0.214752733268,-0.317802759179,0.370627931024,-0.832734251171,-0.797467639182
-0.685677378961,1.82151555222,0.755242258038,-0.905864994084,-1.03064415508,-0.904674367034,-0.636624644228
-0.681467293093,1.35061923289,2.8267392996,-3.04200219476,-2.92567483446,-1.04061824694,-0.74568902645
-0.719904073256,0.74863320651,-1.52949419795,-0.389287276969,1.64135104299,-1.10226268047,-0.88965131667
-0.754642133919,0.179546260521,-2.04583873247,2.21088415307,1.5613600395,-1.17675298294,-0.769013838886
-0.772905545762,-0.205202579207,0.54953577901,0.0746679303329,-0.817685229252,-1.14032767386,-0.947765062812
-0.763372094028,-0.412965722328,-0.510246013755,1.08717453837,0.397909334406,-0.133967373231,-0.105706217441
-0.732884974366,-0.46455761998,0.235853544444,0.382212428308,-0.391430141551,1.35761852528,1.78802749114
-0.705877906942,-0.517953461244,-0.980886001944,-0.249256301178,1.02480106801,1.48093663779,1.73045886602
-0.692452857159,-0.624119150911,-1.05481219247,0.531790324687,0.951776908919,1.57155691136,1.06440649854
-0.728820311479,-0.768815255616,0.25597116468,0.645743516999,-0.311389878621,1.78655984126,1.96366112979
-0.80491333492,-0.885534905602,0.110975381661,1.13460499619,-0.220999013729,0.978798484899,0.506655478805
-0.873766889088,-1.00677088914,0.508442391557,0.146152019492,-0.452344211305,0.327118747384,0.0928422808592
-0.92153350795,-1.11425750457,-0.0168146759936,-0.113977360808,0.197934120868,0.052561157008,-0.132482592695
-0.926365403978,-1.15657992723,-0.213556988863,-0.0765613701165,0.278694512323,0.0092837562657,-0.251307931134
-0.8885287231,-1.04919810487,-0.0806300106036,-0.319836424112,0.239888239154,-0.285264192005,-0.33236559526
-0.82912361488,-0.187967072624,0.0878556188678,-0.0454027031795,0.0955033849945,-0.54014191671,-0.935742050663
-0.748551199422,1.39039112679,0.780325924836,-0.19240576258,-0.542306571533,-0.623436957128,-0.463031985743
-0.664645633803,2.159612086,0.0126657398806,-0.327510082263,0.186859456174,-0.820016209295,-0.724411139358
-0.600970463852,1.84273081858,0.183365772787,-0.577340052291,-0.314016946618,-0.903161688201,-0.634937076071
-0.579531786322,1.37134159832,2.79250850075,-2.70524675683,-2.95153362489,-1.03289843062,-0.691719609011
-0.598765358766,0.764417605434,-0.321736826572,-1.47136776664,0.494050249038,-1.10511178296,-0.907325433608
-0.629237677698,0.176350146806,-2.66765378239,2.30445844994,2.226036567,-1.17011627204,-0.78110477295
-0.651544616393,-0.192764632704,0.355871427772,0.401453678555,-0.813074924377,-1.20891455366,-0.93673173002
-0.650643264678,-0.382707774108,-0.385341130058,0.757370234072,0.255164224994,-0.48874314489,-0.426306931253
-0.637102683758,-0.433422064543,0.0729570983401,0.804557614554,-0.27649747266,1.07582589188,1.3986486127
-0.620516410594,-0.486287041132,-0.581789555186,-0.409599600865,0.619709929684,1.51953150547,2.09580182282
-0.61155117149,-0.585666119054,-1.42365335005,0.408106505671,1.32929870913,1.43862032196,0.904573914039
-0.6397873386,-0.714348040459,0.140895072837,0.530502421104,-0.226335866268,1.81053765797,1.91523562832
-0.706902181782,-0.841432719373,0.0896974472578,1.15359759704,-0.151791178533,1.16636707912,0.972142409198
-0.79124243675,-0.968230800576,0.412674551924,0.432296228565,-0.397695660258,0.406070049973,0.0293130670063
-0.860499735964,-1.04867210724,0.178428100136,-0.155619221908,-0.0190986046706,0.0749701628603,0.0619400040298
-0.880289166832,-1.12273547751,-0.172259164357,0.00253284207169,0.269458872065,0.0190786853897,-0.404460412467
-0.859325314368,-1.12101265706,0.0773164899408,-0.29281022487,0.0850232867369,-0.201548741658,-0.241990456196
-0.805506735338,-0.491896502824,0.0773265040313,-0.0343807221791,0.0358600695112,-0.521629588485,-0.945753743781
-0.717778451843,0.977029370995,0.866414180101,-0.0958741296229,-0.703975191011,-0.596377369488,-0.558056289016
-0.627659557423,1.98342721779,0.640225450403,-0.271711916258,-0.420750644202,-0.790496030461,-0.659550569406
-0.551438112101,1.85463251371,-0.198622109823,-0.30170443571,0.132243150275,-0.899007122165,-0.756974831875
-0.509002329252,1.42847031572,2.0792966583,-1.78463043542,-2.40527609042,-1.01447245596,-0.686405845477
-0.502413361248,0.842894101811,1.55300696117,-2.75028225206,-1.50487312507,-1.11897200751,-1.05563753095
-0.497880309624,0.242986054155,-2.77562006982,1.46103678168,2.66540935465,-1.1647269644,-0.898146857191
-0.480842162181,-0.143183460214,-0.513942942619,1.29085349973,-0.0262951438749,-1.26692071316,-1.0938732395
-0.427573835892,-0.407558017609,0.14373707967,0.0837493258501,-0.271157158733,-0.952312280734,-0.95837449568
-0.330805359011,-0.472277373515,-0.361443178259,1.16341944027,0.217630661881,0.430716468108,0.284172834881
-0.22649392826,-0.480654309842,0.0145122099051,-0.373029515256,-0.0311115435476,1.49362409342,1.9067708903
-0.132156397279,-0.572702390374,-1.59746673568,-0.0103299289245,1.64142289741,1.31123021039,0.920713815785
-0.0663520190953,-0.714161918215,-0.406194427118,0.355775995374,0.337037286658,1.64951491187,1.15134613872
-0.0383631410526,-0.878061313848,0.176486052931,0.816263274472,-0.226147318357,1.44790651186,1.55994737308
-0.0363683258166,-1.00997074557,0.220500836859,0.738387048237,-0.235612908706,0.562474771492,-0.059237722855
-0.0353458417756,-1.09023587211,0.393405818842,-0.248229200796,-0.190197076739,0.122379805711,0.00504610771239
-0.000372747802194,-1.15588730887,-0.342290769236,-0.0445849615808,0.497149617699,0.000892385717072,-0.340934204104
0.0774784454804,-1.06870953867,-0.162391941468,-0.302424368239,0.336804982247,-0.104650629444,-0.185344446459
0.182189117888,-0.271643535739,0.0473584783932,-0.129762044356,0.13097148252,-0.455256051591,-0.767097356632
0.309667083888,1.21574993551,0.580914426895,-0.0713515276028,-0.382894208848,-0.589517805625,-0.893299186488
0.4599015073,1.99805772466,0.0831299481693,-0.415094834597,0.174413056786,-0.726259989558,-0.534362567586
0.611775452153,1.69093822992,-0.119602169359,-0.355737052299,0.00208897453826,-0.889228380388,-0.854636498753
0.72270706891,1.13744898122,2.69276525576,-2.45823070652,-2.7628518852,-0.97659519743,-0.614589911648
0.793192911362,0.566458578465,0.109340970588,-1.88072283181,0.201418042417,-1.09604145044,-0.804348985762
0.852105171952,0.0573265003995,-2.7808860556,2.01489410267,2.37381610579,-1.14907235946,-0.840651553974
0.918172745126,-0.288177115289,0.420579571079,0.307244388197,-0.71577019231,-1.2114212897,-0.990128002827
1.00371397922,-0.44071048616,-0.234224595022,0.415735845198,0.255110658127,-0.656242830576,-0.762121827685
1.11239092775,-0.469458749141,-0.0270377088843,0.643958753573,-0.132851362293,0.893764323829,1.20035480477
1.24460299416,-0.525182574823,-0.42760462009,-0.658781976972,0.552677300515,1.5038421479,2.0476301096
1.38272464517,-0.625063817315,-1.49646576941,0.112672734695,1.47176990273,1.32034234552,0.905735941523
1.47374792942,-0.769024115001,0.15255581483,0.327089568933,-0.174531788704,1.68338761588,1.8428345338
1.50574963916,-0.889741137205,0.220627956445,1.0242613669,-0.263896823464,1.16739530438,1.22304672843
1.49841967041,-1.00179622953,0.359397103441,0.471507999346,-0.393654151596,0.361203317989,0.0322343719473
1.46461221885,-1.08712390065,0.170660734011,-0.139242442777,-0.0153296537976,0.0784280751661,0.253197326614
1.43133765501,-1.09986257524,-0.286473407123,0.0211652022959,0.364120560826,0.0305702616108,-0.0523658702324
1.39797325237,-0.788174616619,0.0552137236274,-0.213769942527,0.0689748871553,-0.184114157173,-0.160012351637
1.36811033178,0.414792864701,0.462609547224,0.0666081602976,-0.279365812248,-0.487490110872,-0.745196965418
1.35100651193,1.76142999982,0.502502886231,-0.234860587247,-0.284215427607,-0.578548689113,-0.4351419898
1.34120329094,1.95711674209,-0.407033930452,-0.315885159674,0.441176663427,-0.749275631881,-0.517135207681
1.32049531317,1.49446600372,1.78427974999,-1.54371582509,-2.02742135092,-0.870940060121,-0.671764801553
1.26122119825,0.974418328917,1.87100878059,-2.88702612942,-1.70955083087,-0.967278167574,-0.566635491762
1.16134212965,0.390494906931,-2.73322692858,1.31048607804,2.63591908912,-1.06527619289,-0.724326178637
1.04181148285,-0.065916378049,-0.640944128614,1.3581976671,0.0753644847528,-1.12632190949,-0.738093917044
0.914369867569,-0.35128187757,0.273979536868,0.0783740789534,-0.288488162316,-0.877892181629,-0.846667057107
0.797546546667,-0.426397544689,-0.30352323155,1.20833225691,0.213423348615,0.506921322551,0.565639785226
0.69787575061,-0.47138671839,0.294124851548,-0.279204518964,-0.312155861712,1.64133552232,2.36546057772
0.606025764375,-0.556885744218,-1.33271665379,0.0632487278625,1.39075278968,1.48147221563,1.35241866681
0.496480945822,-0.64383468808,-0.385312774975,0.402151433326,0.313886421871,1.84463094524,1.67521262111
0.330872123768,-0.744464904005,0.160760020407,0.834878948955,-0.21497040137,1.69098807316,1.86386222175
0.116077107858,-0.816879097782,0.0955749993104,0.881747401862,-0.189053201071,0.838840877778,0.291718038762
-0.0816848284975,-0.943286049529,0.376150523544,-0.122154714409,-0.20711429142,0.287826966035,0.365457879259
-0.24834545027,-0.992493510159,-0.23133627957,-0.0182757384835,0.439292826005,0.0602486725896,-0.285226738436
-0.377114791806,-0.812737908452,-0.132028904445,-0.219031426667,0.313662177902,0.0203927396958,0.0160739808136
-0.449720944591,0.0804360504292,0.0820804792201,-0.103678493063,0.171303745938,-0.363518452062,-0.487030086184
-0.480336639647,1.50816535202,0.670460935879,-0.0184496716931,-0.452351132423,-0.516825101951,-0.722488985077
-0.47725454553,2.06871319289,0.128568372839,-0.360094918012,0.103409186136,-0.645411948295,-0.386300499321
-0.472479237942,1.74383816692,-0.309088362009,-0.389995687666,0.129160199172,-0.826899196099,-0.823636899737
-0.495784943453,1.29245817333,2.44585368556,-2.51494668574,-2.89444160392,-0.895272145103,-0.530032144619
-0.547223810005,0.734795255227,0.340946889516,-1.99611096188,-0.171198803635,-1.03212247313,-0.769527343537
-0.618099551744,0.216595529414,-2.92974905575,2.26056107695,2.69063679205,-1.08056527699,-0.730948195985
-0.686625362912,-0.171125179446,0.109813754415,0.623347969067,-0.567395952046,-1.13846988157,-0.786426825254
-0.733066458161,-0.355662323411,-0.230353932051,0.649203942337,0.237126507858,-0.564857123107,-0.655099171546
-0.750551108382,-0.400817499784,-0.0579431039414,1.07594352189,-0.119983757654,1.03960173798,1.26092463655
-0.751981741682,-0.468854597548,-0.130061227385,-0.295795229399,0.143205457258,1.66130841952,2.13024547745
-0.760431129072,-0.553996302333,-1.37187710379,0.405220684752,1.33992165387,1.57207914406,1.00523122014
-0.797866973715,-0.709350662356,-0.00308093011782,0.468616119714,-0.0520399379682,1.99381060269,1.99688223076
-0.873119483202,-0.825033690517,0.0324441529808,1.07114270645,-0.056401604098,1.4804797659,1.26033159263
-0.968840274009,-0.920297319471,0.234264863993,0.552616260161,-0.291306182583,0.695080092024,0.279549115242
-1.05174327255,-1.023094566,0.29076498448,-0.164883254357,-0.0922644918464,0.197829751779,0.263690916778
-1.09840182026,-1.04068580603,-0.267108025585,-0.054211829916,0.407250689033,0.0821541364138,-0.29360076862
-1.0905876432,-0.704977434964,-0.0515875464789,-0.315376437154,0.1794317582,-0.0610680564721,0.0821639432034
-1.03602118306,0.52121866897,0.175812301119,-0.0226429974961,0.0358674279188,-0.438397710554,-0.72695670143
-0.952346610574,1.83420577263,0.776699375987,-0.173102803324,-0.550975614199,-0.510622083911,-0.411744227279
-0.855691515296,2.02566203859,-0.0729904705104,-0.352520100342,0.220077405386,-0.70347944724,-0.43881612986
-0.78827376795,1.61622105,0.13678709468,-0.608765372566,-0.506488702247,-0.826477373377,-0.721075626743
-0.760298691782,1.13383216673,2.6445430521,-3.05800090759,-2.96194117487,-0.920529365545,-0.518874705117
-0.77583381197,0.542579084684,-0.777444287853,-1.00680243283,1.04666488008,-1.038383601,-0.797129902551
-0.819963496027,0.035970866044,-2.46101149177,2.40620571935,1.95160639695,-1.08263259235,-0.598534265293
-0.846205115601,-0.273346936782,0.457405803162,0.17156859048,-0.794614388553,-1.10584729494,-0.77149327688
-0.849844033411,-0.389532067947,-0.382959202326,1.0313700751,0.386970275774,-0.23994544347,-0.188536494271
-0.829781265453,-0.446340137324,0.238967127861,0.632513881621,-0.409703576898,1.32188389581,1.83356942004
-0.794767932764,-0.515435035796,-0.584166041898,-0.319708108188,0.669322153811,1.59204515745,1.94962215869
-0.781690520034,-0.641517593629,-1.1728960856,0.50215470135,1.08827166317,1.65571559723,1.15362851724
-0.806176988915,-0.770753455145,0.182956932404,0.582680720861,-0.265599570522,1.95528524557,2.18046339478
-0.871454531383,-0.861066415225,-0.0335921713427,1.20576194786,-0.128042164859,1.2336570916,0.907533231061
-0.958516783062,-0.983961394412,0.400832057632,0.312841912727,-0.380284878242,0.522451791505,0.355546758047
-1.01572793517,-1.05828316706,0.149497112502,-0.113401341528,0.111002399769,0.129791981104,0.0958219383783
-1.03277333089,-1.046348212,-0.248695673155,-0.0580235094016,0.343360289905,0.0854223578783,-0.129837486401
-1.01126577422,-0.547772874307,-0.0397301971338,-0.288909636759,0.244493630197,-0.171216858223,-0.0352930833383
-0.946022445048,0.849864021456,0.255088779273,0.0512453274145,-0.02789177528,-0.479413219528,-0.74904838359
-0.86131380949,1.9725116509,0.69048337479,-0.199856284046,-0.432676231164,-0.547160653973,-0.22295225162
-0.77252550552,1.90566859957,-0.381687399789,-0.321803189361,0.538295243998,-0.756666675371,-0.566106626236
-0.702587464502,1.48901713181,0.636798792584,-0.95805940985,-1.02084701496,-0.84618500471,-0.612392577421
-0.672523002687,0.974316580307,2.59508971488,-3.16452592264,-2.86465782306,-0.969188896405,-0.571958548647
-0.67462999934,0.380292715117,-1.74793709796,-0.0759023678733,1.91023519278,-1.0559928868,-0.73686133709
-0.689505021614,-0.0664097864099,-1.97449880125,2.21376612304,1.45136527386,-1.11927459125,-0.626018382851
-0.689805549716,-0.351770145012,0.488413964421,0.0269256804747,-0.7816168194,-1.07569225105,-0.878888810857
-0.663079885805,-0.430373902174,-0.561447800897,1.18136207627,0.529375473597,-0.00982720795905,0.0167158066132
-0.616025632361,-0.484455133163,0.246722589784,0.230226319847,-0.41824449505,1.44376859123,1.9036965851
-0.560728491065,-0.564520119749,-0.997398034663,-0.259328217736,1.06257596376,1.51408365377,1.6446253022
-0.525537532361,-0.680421585646,-0.981787850828,0.499134136425,0.912576777416,1.6756520233,1.09558092045
-0.533145380613,-0.817054761508,0.218992990707,0.634254704441,-0.280311867915,1.85271672552,2.11125552881
-0.576543593713,-0.928575110243,0.00995464025908,1.09835311219,-0.0753188323417,1.04173904473,0.668080731347
-0.621254724999,-1.0192906593,0.481209025407,0.0907206889486,-0.418951591766,0.382095264557,0.233564398768
-0.627038893005,-1.07976726258,0.0324997789341,-0.128191091723,0.17770862177,0.0705851224349,-0.0487067233632
-0.586261409837,-1.04565266625,-0.162378747246,-0.15721415936,0.314683842423,0.0469537035859,-0.067092470401
-0.504413190494,-0.401468753253,0.124191621829,-0.26175187567,0.0579522712732,-0.269127118333,-0.278819544599
-0.374969710897,0.998472573635,0.605326260474,-0.0246141421504,-0.383041792499,-0.524380238543,-0.814588286535
-0.204432911129,1.8706576238,0.430369233211,-0.409383228415,-0.166938005678,-0.605939195209,-0.235741956764
-0.0190907367354,1.69516744508,-0.4843737413,-0.360894149062,0.34429971587,-0.815139895882,-0.694046870024
0.127769550299,1.29334429347,1.92689109707,-2.01715909668,-2.41656638062,-0.89220560595,-0.557074557198
0.229053053896,0.76205999687,1.29578154128,-2.72892933486,-1.06348997702,-1.02107309689,-0.561442215195
0.303465242439,0.210552969848,-2.75843284364,1.64573920308,2.58933427648,-1.0970090993,-0.708241565507
0.368170682377,-0.175749218557,-0.169035864674,0.866503216208,-0.387544759647,-1.16393498688,-0.780961976698
0.453522079609,-0.41192295961,0.194580683731,0.091152337223,-0.176910822923,-0.837264088132,-0.900642348438
0.569212868651,-0.483355599597,-0.208325943691,0.990684809995,0.0337974936899,0.628257295248,0.739527702856
0.723942508399,-0.534150594677,0.0767951534679,-0.603998921317,0.0150545869469,1.56742860947,2.03337608179
0.894258014765,-0.618644861408,-1.39019597337,-0.0334032240078,1.42660499226,1.36307418557,0.951656898516
1.01842043214,-0.727704243555,-0.0462468011026,0.285441289175,-0.00255481787966,1.71879570363,1.52176403846
1.08700543452,-0.842743454155,0.405584548574,0.858965420636,-0.389340483577,1.42518833012,1.52147722656
1.12296552245,-0.962955061437,0.360878980984,0.716720803946,-0.409853046613,0.544417190022,0.062889246245
1.15249182832,-1.04933124552,0.440277959946,-0.144913853363,-0.205486133085,0.115708689935,0.159700289817
1.20240782012,-1.10353707678,-0.179404515249,0.042173484254,0.356987678509,0.0272140022914,-0.134297277753
1.28004763972,-0.927745694176,0.163540465763,-0.17578926448,0.0130251979936,-0.105743933586,-0.021637194774
1.3923661991,0.0661512219902,0.608783485407,0.00184322925573,-0.37760759311,-0.45223339058,-0.65378027427
1.54410982158,1.42546457319,0.364075554035,-0.210978964796,-0.175775521043,-0.552987113357,-0.5616901123
1.69939235151,1.80011720514,-0.335651428079,-0.348581380352,0.321381623748,-0.699550971649,-0.297937028928
1.83667183298,1.45471488968,1.96681705097,-1.67533496035,-2.38806695067,-0.851022269647,-0.581106239875
1.93058118854,1.0152574306,1.47378942588,-2.74209758945,-1.48233944771,-0.929187870136,-0.17393711885
1.95538427207,0.427038154784,-2.77153021541,1.48280185731,2.72651113737,-1.0454698945,-0.492846476093
1.92694175522,-0.0528065484858,-0.262070345603,1.02630767654,-0.204887234493,-1.09721192251,-0.641344710637
1.86978716559,-0.343920958694,0.155961447074,0.0310172633829,-0.191698950576,-0.808060414681,-0.584293276573
1.80873256614,-0.462800738302,-0.273865666046,1.08102852785,0.18148610392,0.609483975048,0.805504302049
1.75551670854,-0.484716728678,0.119686491532,-0.559610838091,-0.0830558777318,1.66688846159,2.65034307966
1.70034426864,-0.536372809833,-1.4202886399,-0.0871302805143,1.5119211208,1.47193894058,1.45170297449
1.61193323325,-0.628658324492,-0.192970553321,0.275068660238,0.1252899082,1.82742285582,1.90267190617
1.45235694186,-0.751416503387,0.271709892437,0.862204783346,-0.326536547949,1.59299551092,1.91960645054
1.23133934873,-0.874831010298,0.308987434064,0.829705565857,-0.350842542066,0.729765302305,0.319921020637
1.01890870088,-0.97151877363,0.396043466184,-0.137685266283,-0.185945577315,0.223892219211,0.426763400186
0.829553017158,-1.02481003424,-0.233261198943,0.076342508735,0.3843039841,0.0711193341447,-0.11073404777
0.66885179303,-0.878374988609,0.0282253593161,-0.108576363541,0.116443143724,-0.0121273993617,0.18792251017
0.549033659226,0.0447938255694,0.385748809008,0.0516327416543,-0.169216238554,-0.394064406784,-0.441277658856
0.468698171511,1.4463201448,0.424989510661,-0.124631302541,-0.242285141163,-0.521260304433,-0.517351752781
0.420399520749,1.90349304865,-0.465627255848,-0.316638935428,0.463350588814,-0.668761926499,-0.24842615922
0.367526075341,1.54595100967,1.20974651067,-1.35721515583,-1.72635034422,-0.828302879734,-0.652616636933
0.293438810128,1.12172644059,2.10606632857,-3.14419639166,-2.1364138571,-0.899053376803,-0.367044364927
0.193879038351,0.552298728519,-2.55366233515,1.12940531819,2.57837239536,-1.02886220421,-0.608099258924
0.0716290525882,0.0470243922081,-1.16643695634,1.75002920398,0.547210561957,-1.08646056132,-0.624096896856
-0.0472970753527,-0.279173995523,0.445426459407,0.0642310473844,-0.53460037553,-0.872517569881,-0.623787163784
-0.147760818166,-0.434445222658,-0.459329328763,1.43744454836,0.248234175649,0.481093273188,0.395338874459
-0.219174440837,-0.480137059726,0.340797616091,-0.0752124958997,-0.437583739432,1.69744069185,2.43345096307
-0.283947577905,-0.547125151554,-1.14712364215,0.14227241405,1.22443299091,1.57354297931,1.4549986852
-0.380585969071,-0.667806933444,-0.535937189992,0.53594871901,0.401419194574,1.95005833488,1.69820935583
-0.52025168391,-0.801183537802,0.0927440048049,0.810402957321,-0.154064024626,1.83623332697,2.12318598837
-0.679078284294,-0.924318125738,-0.0754468399414,0.963733215425,0.00773841416009,1.00950456856,0.49033479269
-0.825819336251,-1.04055832936,0.418171182139,-0.108217305942,-0.249254814725,0.405398910822,0.576592910191
-0.929751544698,-1.09469047896,-0.207546228241,-0.0429846547194,0.362412970862,0.0746006130326,-0.148768727187
-0.974183658496,-0.976881831353,-0.131279154841,-0.237003763678,0.328123454566,0.0725373050604,0.177829656193
-0.960870559025,-0.0715063525036,0.219641949567,-0.138957314922,0.0780780215184,-0.315006844305,-0.273674660715
-0.905274676699,1.50087551088,0.683419534189,-0.0675397463811,-0.419905873741,-0.493972462184,-0.583867330279
-0.828084065495,2.18402456826,0.103360206894,-0.425668454992,0.198866380147,-0.606775113833,-0.117621649895
-0.750158343669,1.86210158317,0.0603010192311,-0.488633621517,-0.141777630336,-0.810471864436,-0.655335134012
-0.718043661298,1.4111839753,2.81220537007,-2.72964380988,-2.92935874355,-0.868872184209,-0.375569729548
-0.735031584288,0.798307808561,-0.246499102501,-1.51420713687,0.48021519951,-1.01322393371,-0.531375921069
-0.776683834494,0.203388011964,-2.70690726063,2.3404374315,2.28598509571,-1.06548878646,-0.502499918511
-0.829503390047,-0.220610892168,0.375406050017,0.346540057153,-0.734268348822,-1.10152270372,-0.574628123574
-0.85481843282,-0.456578267861,-0.328347888632,0.787667459358,0.269256385705,-0.401853398275,-0.364755116853
-0.848639116832,-0.512715879929,0.174979169991,0.803995131861,-0.393380841579,1.21695557921,1.75280572547
-0.826709372741,-0.5727108908,-0.374770228604,-0.35465668464,0.42729147663,1.63399066714,2.34914694042
-0.807798758883,-0.674013834714,-1.20218737427,0.472627360818,1.1234543047,1.61351789053,1.20398534111
-0.823866141987,-0.811916770825,0.124990449661,0.530123187106,-0.223065379184,1.99507235051,2.24019752941
-0.880174305758,-0.941394217847,-0.0212789069524,1.14773574499,-0.0885622452307,1.36096734536,1.23145105109
-0.960434923297,-1.05690396939,0.403044818975,0.40572358065,-0.421178400032,0.606271858912,0.347136381739
-1.03117584215,-1.13794595167,0.191747367052,-0.196638633943,0.0630933257885,0.14517680455,0.273695988623
-1.05019779363,-1.16111822068,-0.29510729754,-0.0520381074196,0.447650324163,0.0826654985178,-0.0773686801219
-1.01855344157,-0.757876062353,-0.0481252392512,-0.270387064965,0.217784061017,-0.119784971012,0.122095974273
-0.945593779873,0.604909204244,0.389830262228,0.0539612181372,-0.16523666766,-0.474504680236,-0.678209931503
-0.836527760853,1.94185218811,0.652253462839,-0.256205552902,-0.365045734852,-0.535272624123,-0.163368668591
-0.737557523756,2.02734388361,-0.449303851583,-0.351863767121,0.562822293041,-0.745815435354,-0.336953198981
-0.669661977501,1.59535803283,1.32707288928,-1.24828406035,-1.5964561937,-0.848028286166,-0.478773673405
-0.645530183203,1.10771728017,2.42340591882,-3.11317142873,-2.4175312131,-0.952515435657,-0.33661223406
-0.675723819342,0.452715499342,-2.47398196612,0.843655711213,2.49014976081,-1.05607614385,-0.585814933001
-0.720722902642,-0.0615509870503,-1.32866934346,2.00866424431,0.794209767007,-1.11013661983,-0.415347839846
-0.754039944112,-0.382510055598,0.38203481243,0.130584306575,-0.545804776192,-0.98156510838,-0.648373266169
-0.759224308298,-0.499245815803,-0.550951956278,1.39951681759,0.393753235816,0.272512909719,0.543247662042
-0.737652471057,-0.552571173715,0.270464305445,0.0660168094612,-0.374536607209,1.56955416772,2.47848245964
-0.716716131989,-0.639035721997,-1.33914683395,0.0529796083245,1.36677914321,1.49075487554,1.63401032891
-0.713538823944,-0.745679615392,-0.712075665762,0.588255557724,0.577751471694,1.79217717302,1.62101637403
-0.763621136907,-0.896819421734,0.19528225226,0.858222095138,-0.252169767668,1.77810781861,2.15165755623
-0.862806803349,-1.0305565184,-0.00424948270152,1.09608960916,-0.0934359901879,0.912376243883,0.552169101251
-0.947637333521,-1.13187348557,0.435447075437,0.0205240006525,-0.279388480189,0.330449008874,0.427122165446
-1.00050205505,-1.18298927311,-0.174880345762,-0.0117556666457,0.401419445936,0.0618369600044,-0.0553762960011
-1.00333696453,-1.0958822692,-0.186913267961,-0.181591373452,0.294367097399,0.020161469975,0.0807809243623
-0.945048011884,-0.310976722362,-0.00372289552358,-0.164455640743,0.220790634357,-0.332567404838,-0.328265046268
-0.853386968871,1.25590040121,0.488655689142,0.0307301677087,-0.277482015073,-0.529730809454,-0.671918005545
-0.737132053632,2.09899381422,0.449921375031,-0.331814857926,-0.198949111366,-0.643359140362,-0.300252010432
-0.626904307203,1.8153819786,-0.434231603567,-0.303826012839,0.428047270667,-0.839622873223,-0.715813614902
-0.545102523972,1.35364162675,2.04891485714,-1.7826104145,-2.37433935242,-0.911844872759,-0.513067370736
-0.504692576012,0.754702611049,1.63190618303,-2.79247543595,-1.53420397302,-1.05403591025,-0.6821824136
-0.497181528614,0.170879809939,-2.85538433039,1.4874270831,2.70641841413,-1.11243983117,-0.746653630289
-0.483861752627,-0.241782190801,-0.498442630321,1.28630845032,-0.0620043138429,-1.19683290979,-0.766870640041
-0.448950484556,-0.476062585192,0.164862544155,0.145424240381,-0.246883865142,-0.909155905006,-0.913282017327
-0.379553676922,-0.542512466993,-0.367541039498,1.18960196283,0.201138701529,0.5169797219,0.4935555512
-0.289953968783,-0.611167666997,0.0790545191117,-0.329741946066,-0.125859705931,1.55311868166,2.14535973798
-0.198507866323,-0.691860161919,-1.41372386141,0.0726508474423,1.40797500606,1.38879353226,1.04780994515
-0.118250692178,-0.83397055152,-0.291644730808,0.39549160014,0.1811413666,1.75170770604,1.38628940275
-0.0892322123163,-0.959032549525,0.233653752815,0.814952209814,-0.322490679594,1.54678773931,1.71994978438
-0.0922037905761,-1.07835046529,0.232258740695,0.748911779765,-0.327529634043,0.670824489277,0.0966901414765
-0.082152698307,-1.19002015385,0.412312496483,-0.176722851058,-0.248868422051,0.167024147621,0.156065281345
-0.0441462566209,-1.22183563199,-0.21455509581,-0.0348390088021,0.34624438764,0.0166612122938,-0.184903667655
0.0316306519466,-1.08882450293,-0.0475378760531,-0.231352073059,0.170590275517,-0.0755719700792,-0.096179411092
0.152984288962,-0.159606823957,0.306807534985,-0.035195123318,-0.0953367824616,-0.44982798259,-0.681871628537
0.331878469745,1.34532299899,0.651078777159,-0.136666112382,-0.41272168548,-0.585344452859,-0.707692368927
0.550604579262,1.89832306677,-0.314645232062,-0.382807198702,0.401727642732,-0.728358968878,-0.478040672062
0.745777381368,1.54512682303,0.647813888026,-0.84931602541,-1.04292936403,-0.892856404723,-0.827250146796
0.90506842242,1.10792140046,2.59562986687,-3.08805209852,-2.68552265099,-0.972399689241,-0.609906941932
1.03354932897,0.508179080519,-1.7221136971,-0.183667466617,1.93874178537,-1.10201063889,-0.813452177972
1.13795865989,-0.0275458379238,-1.66225010544,1.85847775099,1.08406882596,-1.16125257346,-0.827872310697
1.24429945638,-0.364406877436,0.717662623325,-0.277679446926,-0.92175472429,-1.11905346831,-1.03766854158
1.36789731154,-0.540921485481,-0.377653736644,0.904041351787,0.336424915507,-0.130795360769,-0.301904233316
1.53365520586,-0.57998569079,0.324215068961,-0.0912161241231,-0.427155049837,1.35407761273,1.87621174667
1.72809778533,-0.626908225513,-1.11302227423,-0.494323713616,1.20955854304,1.40397342074,1.59625130088
1.88216911467,-0.736517126018,-0.854137974803,0.224271402385,0.775179221348,1.4639379,0.937497389407
1.97961731031,-0.866085759044,0.504278651163,0.46558671627,-0.484555475972,1.65402058531,2.02981246828
2.02457324974,-0.997340499836,0.236921644759,1.00974923159,-0.325661012029,0.839003612461,0.630599286317
2.03113392683,-1.1207470353,0.486274878881,0.0702110077567,-0.411912638825,0.213887647208,0.138109678897
2.03954070854,-1.18468976113,-0.0243516691741,-0.0520352168134,0.252255928681,0.0332644904019,0.19838193498
2.05347061625,-1.17747542817,0.00755063680422,-0.0408255025259,0.109919421046,-0.0184427147652,0.0328989893476
2.08236500433,-0.637264274424,0.652529064795,-0.0433438797139,-0.433800744124,-0.334611141362,-0.262651293375
2.13016609306,0.75620718464,0.54239001263,-0.0687858154904,-0.348247592782,-0.551994031257,-0.696802983882
2.17567334366,1.77425332022,-0.325962161171,-0.366494914661,0.332525705236,-0.641379456635,-0.232298279343
2.20730028746,1.62647088538,1.36583851365,-1.18805602238,-1.76949943953,-0.830126035668,-0.589126179808
2.2041577301,1.18748130514,2.24898929696,-3.00042575234,-2.38159855254,-0.90918705594,-0.497890763183
2.15223444743,0.676824762936,-2.26106310457,0.702919773853,2.3537844283,-1.02119103496,-0.418613823209
2.06147936094,0.096178667438,-0.899394040602,1.58637489853,0.432594705688,-1.10543257139,-0.721349219042
1.95124609181,-0.298975618205,0.549390306431,-0.186572762819,-0.659374313458,-0.921858665441,-0.707492771241
1.84979213027,-0.495591636982,-0.361480573815,1.14219226926,0.300388884047,0.314293916433,0.341125457819
1.75724962443,-0.537935493481,0.463613200605,-0.28758798004,-0.517792209431,1.6254472175,2.51748602608
1.66667420836,-0.58128331787,-1.12339706363,-0.212073808792,1.2328570306,1.50588020398,1.64057632227
1.55735786248,-0.665077420288,-0.51543141769,0.346056967338,0.419283232303,1.78955862838,1.58910470817
1.38484597696,-0.786633880204,0.285691273977,0.661412046551,-0.327307378956,1.77883864245,2.21742389841
1.15616084065,-0.90867512082,0.166184125513,0.917875701308,-0.207750115864,0.912539940148,0.4093656625
0.938115519489,-1.02130631092,0.53209096843,-0.123454288871,-0.359107668737,0.328877995879,0.407103330446
0.756496811485,-1.10603335495,-0.123687437905,-0.0306749018204,0.327801551515,0.0575013418467,-0.173341311673
0.623239574424,-1.0372049374,0.0162362528866,-0.159750826942,0.142820533567,0.0406810199209,0.161551943979
0.541877917653,-0.312979047604,0.493209097309,-0.125648670337,-0.234601654707,-0.321879640825,-0.183208165015
0.511579571414,1.12548113456,0.527519870518,-0.162594962428,-0.302250451586,-0.519679237613,-0.622767531
0.528323871757,1.92648910746,-0.281407054008,-0.44098912739,0.386301243846,-0.622117858654,-0.000273869518455
0.555111744235,1.68503052162,1.32713826854,-1.17994999467,-1.53613744081,-0.818484700263,-0.500157219474
0.568300202303,1.24083276577,2.52362070298,-3.08898121954,-2.48257379337,-0.87415284619,-0.339575965005
0.542875212409,0.689319682439,-2.29160731731,0.481458501967,2.34243427875,-1.0078059346,-0.474131536667
0.490925401054,0.137296194685,-1.1668892812,1.6765466489,0.705053360245,-1.07981206302,-0.602206184433
0.431941977509,-0.2529221291,0.58676765041,-0.141656002056,-0.673057160617,-0.922738963366,-0.615157779133
0.37037565188,-0.438107064189,-0.435892438409,1.20254879141,0.364904380204,0.311270084401,0.250662938509
0.325501142399,-0.462013648378,0.520454806674,-0.0475170114741,-0.55578793492,1.66878123647,2.45178483228
0.288523256008,-0.549611068696,-1.02609709556,-0.0287089425688,1.09876283909,1.58154388235,1.64910842639
0.226318793119,-0.635641500685,-0.542419363996,0.455239443385,0.463794546151,1.89035929014,1.56090784861
0.10957093466,-0.75750097119,0.23091840339,0.561340288862,-0.249019754139,1.89553686331,2.37109733064
-0.0456151201319,-0.89716096063,-0.00357682021433,0.810977298856,-0.0600659929798,1.06201003518,0.576841520472
-0.205215568951,-1.00429749502,0.492424676691,-0.187885193238,-0.36620824337,0.453360567946,0.570103130343
-0.330456745258,-1.10546349864,-0.0887406022731,-0.170967061194,0.318399515139,0.0905916362718,0.0595488612435
-0.397459009685,-1.02321216732,-0.0464185263112,-0.287852871581,0.209777542458,0.0987794104863,0.219011920522
-0.402763597241,-0.253500233938,0.246524777574,-0.245509827912,-0.0615416681967,-0.257828647236,-0.0411067809118
-0.351939079748,1.22746573978,0.608711270059,-0.115021747914,-0.386563163063,-0.484493733712,-0.532812228367
-0.263123081297,2.06522318962,-0.043302500747,-0.48077567707,0.250563131848,-0.577083972062,0.0707288027058
-0.157112136495,1.88934939918,0.085433819678,-0.626809088341,-0.279701355544,-0.788870671293,-0.499056997042
-0.0912727022301,1.45816120664,2.81258798481,-2.81974456838,-3.10066634156,-0.843065699503,-0.315639065713
-0.0775539003913,0.870732581015,-0.568023085354,-1.31019667825,0.7576498357,-0.982213262443,-0.332072609825
-0.100442220996,0.286168218855,-2.56315373743,2.1072167618,2.22790174671,-1.04903376916,-0.503237835215
-0.149172454804,-0.156736687577,0.48464169359,0.0627969712646,-0.858914659736,-1.06140452655,-0.543594325132
-0.183745049837,-0.410936922753,-0.445049239414,0.762305031119,0.41867268741,-0.300487434836,-0.269704700244
-0.203392744425,-0.468649657874,0.172062431098,0.621548884027,-0.350563712333,1.32296362924,1.93124343178
-0.211658312952,-0.540549439317,-0.515834687072,-0.300615539326,0.521321812005,1.66174241257,2.27185609405
-0.223126845042,-0.633660414401,-1.15089224738,0.525514434204,1.04955416456,1.68391054819,1.3440934506
-0.275188343508,-0.758167451007,0.199114253181,0.560076537634,-0.282273627287,2.03222664356,2.48862363301
-0.382055533106,-0.905943244546,-0.0267237566291,1.09162570681,-0.0206149424647,1.34129354098,1.19378037207
-0.526868496606,-1.01437124292,0.395642785293,0.314476730489,-0.374590018711,0.614646979996,0.517655965405
-0.664434068819,-1.1105798626,0.128279483004,-0.125418131267,0.0810403734991,0.164174750007,0.22953050957
-0.745071388765,-1.12159278768,-0.253569314175,-0.0554329003088,0.352885120278,0.107072903358,0.0203340937074
-0.768487798721,-0.686033640131,-0.0316226557719,-0.289961781015,0.2073832125,-0.114329414279,0.226496501005
-0.742097198745,0.630429021813,0.0944156848782,-0.00752760863672,0.111982588765,-0.46166044319,-0.626199487763
-0.674334061679,1.88542665686,0.79526568084,-0.175423686907,-0.540817592939,-0.527422015382,-0.0970165898559
-0.608077703847,2.01538180412,0.0815036910111,-0.334598074392,0.171229779401,-0.739150043288,-0.381461809642
-0.564720712488,1.6103861087,0.152978458781,-0.534818919527,-0.262213520485,-0.835911670067,-0.513578756676
-0.572352647866,1.07824436414,2.83655009899,-2.67718990948,-2.92959884228,-0.954828710783,-0.412884712348
-0.642422390884,0.452015126986,-0.0830173374334,-1.58757231105,0.363272147123,-1.05345968353,-0.649488104601
-0.727686154517,-0.035508342274,-2.60410639226,2.18924475336,2.23711307465,-1.1043383787,-0.624292075757
-0.811971817499,-0.352575440437,0.414864041005,0.373095631069,-0.727089557364,-1.16496998632,-0.829066703943
-0.880726098898,-0.45353361222,-0.251640754229,0.696222353378,0.252428835896,-0.459049140368,-0.277479300071
-0.931828707983,-0.503021586185,0.0682823012615,0.752429583116,-0.258843896874,1.11939753961,1.46845048391
-0.975940526688,-0.61022483573,-0.431632882627,-0.40422162777,0.507768640148,1.60996663231,2.15176955079
-1.02071902045,-0.71659589132,-1.34716707207,0.4439028392,1.29455060552,1.55186424298,1.10071660442
-1.10033182241,-0.853186430469,0.118810587252,0.498489078885,-0.196815429649,1.92535606871,1.99307547598
-1.21727066013,-0.971627726193,0.0721514016214,1.12361720777,-0.116149446977,1.30236087109,1.18190966123
-1.32534132266,-1.07795617678,0.386651749643,0.446052533818,-0.329621285539,0.532999047184,0.303387939938
-1.40405761315,-1.14989486604,0.222803100962,-0.198965712174,0.00229959040227,0.15487667624,0.237271529712
-1.43353400588,-1.15108675135,-0.279105116283,-0.0532725163485,0.404615760268,0.0723238627879,-0.131687128458
-1.40303288352,-0.808647021499,-0.0448541213743,-0.339545582646,0.241398800285,-0.140233526118,0.0555653686883
-1.32935653632,0.452437430287,-0.0604125977327,-0.0953319117402,0.207190708703,-0.468842640296,-0.663243460478
-1.22375246482,1.83053809026,0.611545775138,-0.137172723803,-0.479521041405,-0.550680666808,-0.304139309
-1.11066972956,2.02330280909,0.529416347557,-0.30006467468,-0.251994486245,-0.747570125119,-0.448913902874
-1.0165035266,1.59256217817,-0.342172924858,-0.351109307388,0.398374643459,-0.85755008711,-0.693490456598
-0.973493731806,1.11486926357,1.79726017143,-1.64689853574,-1.99128427133,-0.96895013424,-0.541158645281
-0.968421611028,0.493988692252,2.000418092,-2.98108959066,-1.74018683848,-1.07727375848,-0.891987697325
-0.969280128663,-0.0263676859397,-2.57453233371,1.136946287,2.5233904242,-1.12226695304,-0.742796951916
-0.967274359676,-0.347353099935,-0.81065462474,1.51115949855,0.236367403318,-1.22642491691,-0.820993262977
-0.936404017906,-0.433068514225,0.343627657033,-0.00330413535299,-0.386362795205,-0.957308083385,-0.750684941183
-0.876387670921,-0.469105908292,-0.462018660749,1.21985170178,0.299841404202,0.378791839099,0.552515235017
-0.804787588966,-0.568794857014,0.0717964249537,-0.248495763148,-0.0742491528399,1.53092679269,2.17795858656
-0.740384138782,-0.688409066086,-1.55222737094,-0.0052922365719,1.59114518679,1.38664119945,1.30415404066
-0.718516501911,-0.830745991891,-0.594534700778,0.438659261245,0.488317401541,1.71739280699,1.43219587655
-0.740699345464,-0.947515954815,0.200540487583,0.846918029163,-0.235008047002,1.57776428794,1.78940520514
-0.79089863715,-1.06547395338,0.131565337684,0.920191654341,-0.242945555572,0.680308712311,0.173795127325
-0.836864696217,-1.13836806806,0.416128950815,-0.15731926395,-0.245834651118,0.197862497069,0.200801538812
-0.830724534157,-1.16944304524,-0.222799090236,-0.00692390655117,0.439328046108,0.0296190487252,-0.31387250926
-0.774963263462,-1.06299329219,-0.134908060694,-0.227209057159,0.323797437051,-0.0623041074478,-0.167099554558
-0.666757821005,-0.238446152315,-0.098872514527,-0.201374253292,0.319115555424,-0.418004234194,-0.667012446452
-0.500429171539,1.2734337524,0.393647993829,-0.0244272367676,-0.215308887277,-0.571367865323,-0.899875498055
-0.317163990114,2.00536470653,0.631717396013,-0.301960675801,-0.342520794688,-0.696872742216,-0.468038907279
-0.133660809306,1.7321972699,-0.436926734311,-0.284405046524,0.543808844785,-0.869402415786,-0.81560420654
0.0270228904027,1.29775185868,1.37020696918,-1.22641571396,-1.60024221587,-0.955794141406,-0.641314266084
0.151263953177,0.686373850581,2.31244956944,-3.00063594831,-2.32286273461,-1.0874883437,-0.785503750433
0.241222159831,0.117560417205,-2.3276530313,0.436553168217,2.34133544331,-1.1359687362,-0.885089931331
0.316593241498,-0.251977533421,-1.13760659212,1.69604451207,0.642287222943,-1.23328498275,-0.999914631071
0.419744165424,-0.446521523423,0.463566015155,-0.179138914825,-0.61694978783,-1.1049627364,-1.0187914341
0.558739219945,-0.478480449889,-0.46064503235,1.00950064559,0.425451994984,0.0485600044321,0.0688356400791
0.711528579862,-0.537399786182,0.208632052568,-0.195804416486,-0.236994937557,1.39950524215,1.80268399018
0.865119291917,-0.633405623475,-1.3988979217,-0.345972981814,1.50040112471,1.34028649407,1.37352591338
1.00092786045,-0.741242354558,-0.660893400489,0.267754891263,0.665950725465,1.49076626456,1.04989135953
1.09418409854,-0.887811834881,0.409170573093,0.6293019015,-0.378345648669,1.58130884823,1.89934011879
1.13229859712,-1.01218564036,0.312624757403,1.00787053958,-0.321487912445,0.696984535838,0.367533409039
1.15110838712,-1.09576453998,0.523964488194,-0.0104848020358,-0.399605519963,0.147605765301,0.0835907468424
1.19380925018,-1.17065213362,-0.146839134622,-0.0282414803634,0.298776488926,0.0303931418588,-0.0318430488146
1.26687040893,-1.11868962108,-0.0836797844144,-0.13712968851,0.173528105557,-0.0547024634064,-0.122772443767
1.36334719222,-0.481201164064,0.244701699765,-0.0921875277883,-0.0641092900054,-0.374834859107,-0.49940113151
1.48577385533,0.939888651245,0.658429644939,-0.00586342611368,-0.358796395757,-0.552638665155,-0.684913554736
1.63135654152,1.88004818485,-0.153834037762,-0.347949508143,0.339238326494,-0.657117965252,-0.269493654987
1.77047443686,1.73547466483,0.322421911265,-0.480714636488,-0.530635820546,-0.834382084733,-0.532521123595
1.85076216235,1.29348384571,2.73655176962,-2.77970529385,-2.78216715253,-0.920489294194,-0.328774884216
1.86196817915,0.705955681725,-1.18093597336,-0.888526332235,1.343800267,-1.02945315742,-0.429825874532
1.81617391916,0.137462396783,-2.10074625241,2.10667321878,1.63977672331,-1.10108955334,-0.630774039708
1.73342423123,-0.218652893692,0.667068980602,-0.0939650711369,-0.839594362127,-1.0946945092,-0.837059201099
1.66048821974,-0.427215215453,-0.506456762071,0.796192796357,0.467184622599,-0.281858980492,-0.15880990409
1.60130064788,-0.447346316598,0.29347162678,0.256471316614,-0.391950965252,1.2845231188,2.01323636292
1.5476928651,-0.476304272015,-0.847759040119,-0.615962001144,0.996723696169,1.54407002568,2.10386737711
1.48065631555,-0.572961663496,-1.20435667584,0.206753495603,1.19008163886,1.52869793173,1.32546902224
1.36258471734,-0.686308070338,0.244969954774,0.451975160565,-0.237336090964,1.82839947491,2.31319881132
1.19346967226,-0.837909027293,0.0826889132327,1.1462191667,-0.173589102454,1.09397738997,0.959088335828
0.99098929559,-0.94872247346,0.475381964624,0.250053870983,-0.399393318362,0.390881706139,0.250603231644
0.783618491277,-1.04649807833,0.0688120943871,-0.0754085250878,0.174016214773,0.0949215598615,0.0412308423803
0.626111297368,-1.07925032768,-0.181859777032,0.0177563642506,0.282025393208,0.0497544230674,-0.0855520619072
0.515461785526,-0.646881065281,0.171233626199,-0.15922902925,0.0402452447297,-0.221602121366,-0.110833109998
0.443140654127,0.666511025084,0.597690489108,0.085293531289,-0.351577950731,-0.504955842991,-0.774836329555
0.419589690897,1.86955014099,0.285049514177,-0.314139375823,-0.0382940279473,-0.579480785227,-0.294320558164
0.419516145984,1.9477036966,-0.245307319487,-0.319976931025,0.229190252701,-0.774676520219,-0.591245335357
0.424075146086,1.56212013986,2.47790406147,-2.1328477441,-2.67854160381,-0.864385699645,-0.525258480796
0.403722749525,1.02445523482,0.862597914461,-2.29203109683,-0.660643428759,-0.975698387588,-0.446362476862
0.35198797048,0.413540560963,-2.85895323602,2.02988170597,2.59810899186,-1.06401864414,-0.679988478642
0.29585404425,-0.0199621970772,0.0730528827243,0.78464963365,-0.529548855023,-1.10829185671,-0.589784626107
0.24089756827,-0.316988785549,-0.0329909828522,0.452810605901,0.0200424452689,-0.651862928349,-0.611653881033
0.196935057378,-0.419894352141,-0.0135883462403,1.12009350693,-0.156902784079,0.929251333156,1.16606549883
0.1693410005,-0.444702954307,0.0986968336537,-0.30772868595,-0.0734520084088,1.71195910001,2.4890685781
0.13488119856,-0.53113938509,-1.27036365284,0.371035728388,1.25121598432,1.5910369855,1.21848397356
0.0653269944778,-0.652418159965,-0.112297598316,0.475791394521,-0.0169474802524,2.03857388954,2.11807198989
-0.0707324478141,-0.80260619,0.0294211589383,1.02575387112,-0.0634422542468,1.6182096807,1.6599608027
-0.263709539753,-0.936480235533,0.267076006358,0.643862042847,-0.256657091567,0.816263129585,0.438492677566
-0.442245994207,-1.03376131626,0.351641327937,-0.15970802964,-0.185186600238,0.259789885289,0.492857694558
-0.584078779395,-1.1020882019,-0.16912411169,-0.0263907476649,0.303247905763,0.0957764417369,-0.177746623585
-0.677726574289,-0.881788297315,0.000789854561341,-0.302371917586,0.130447522938,0.012425334905,0.275357074305
-0.713806983866,0.237466810465,0.301803991278,-0.0423345910022,-0.085783092672,-0.402682147285,-0.512352097709
-0.71170256537,1.73123113858,0.767443785242,-0.15722663639,-0.486342152384,-0.490197349238,-0.359703948793
-0.683574895542,2.17898062172,-0.18333263346,-0.363578854436,0.354793549592,-0.667740315506,-0.156728074335
-0.664164422457,1.87670840605,0.583589256565,-0.746286834364,-0.772782370242,-0.812798711603,-0.600342987824
-0.676781359838,1.40846240952,2.83351018205,-3.04318902029,-2.88377277008,-0.889916947926,-0.366087303842
-0.723122775155,0.769437915717,-1.4070302171,-0.44426590996,1.52136815714,-1.02659809044,-0.706701058063
-0.794918514084,0.216168111463,-2.10004551633,2.27026233906,1.57327678746,-1.06736223618,-0.515156636712
-0.862369305148,-0.182696573544,0.597583645533,0.0707252178451,-0.852833151287,-1.05705932069,-0.67121212741
-0.909691112932,-0.387045394808,-0.487314938436,1.11361140787,0.389621774218,-0.0869775990934,-0.0620715482408
-0.918949211715,-0.454419445639,0.316125144205,0.376573645187,-0.494941348424,1.44527372884,2.15056524945
-0.906388327408,-0.541082745655,-0.776090102515,-0.270311115232,0.880090885046,1.59513654194,1.91897736922
-0.913362897517,-0.658684831903,-0.995746512547,0.490331627573,0.956380456805,1.74053813318,1.39545659327
-0.949359754387,-0.784047862788,0.211690370812,0.5990168308,-0.257731233322,1.97563268205,2.32416439869
-1.01743363174,-0.915394073938,-0.0109137277131,1.1436106787,-0.107013111346,1.20663317086,0.909213838612
-1.09882536849,-1.0235553587,0.477166424283,0.185246848373,-0.424667592777,0.519857472703,0.531758489669
-1.15698953801,-1.10814361446,0.113111638745,-0.0984452155769,0.110633482201,0.129901728376,0.0890650758367
-1.17621458864,-1.12091941969,-0.18654360791,-0.10028175116,0.28433264536,0.100666987668,0.0494311763956
-1.1425389502,-0.573415843519,0.0202367779522,-0.258348424435,0.188741371931,-0.191484501295,-0.0490659212271
-1.06422135828,0.882089443618,0.437399096027,0.0124760992486,-0.234149569074,-0.469666968339,-0.706438206462
-0.959612197411,2.0511121606,0.762427605328,-0.314859301337,-0.499069036968,-0.542418856995,-0.187597034297
-0.846895451097,2.05992900578,-0.320921881815,-0.34353641905,0.434755759352,-0.757505705343,-0.56149595167
-0.774837797337,1.6761153417,1.22623295563,-1.21332900559,-1.47627389667,-0.831126653931,-0.401752445359
-0.754235553444,1.10616780817,2.47570132166,-3.13152892837,-2.3927730875,-0.960490481976,-0.375262809322
-0.774034435626,0.45429679504,-2.21601793806,0.502281249034,2.25195432283,-1.03686093136,-0.538796286574
-0.813504288408,-0.0166263615089,-1.38844204564,1.95185769849,0.784988938554,-1.10276888889,-0.471102661174
-0.831054468899,-0.335485896156,0.494123609052,0.0302065764278,-0.7168565492,-0.986149165476,-0.633417125721
-0.826627001516,-0.439501107286,-0.468952049897,1.25522688585,0.285936300768,0.232137166626,0.447190369664
-0.803333080894,-0.490792475915,0.369161134507,0.0222488653854,-0.500635127899,1.57038094831,2.37938292341
-0.777613984017,-0.58139461867,-1.1535562006,-0.14285191029,1.20998952115,1.5399807848,1.76256734476
-0.782988101712,-0.686499802958,-0.702158739527,0.482519925626,0.618783346156,1.80978443587,1.59533598213
-0.829306926577,-0.855760933192,0.313612763445,0.765279316999,-0.439715000388,1.84759383707,2.33629344723
-0.914783975423,-0.994809115131,0.0723143583442,1.09517169688,-0.260638884781,1.00272875414,0.626918069363
-1.00701299524,-1.09268702191,0.524880867643,-0.00183679659753,-0.44967648845,0.388797875435,0.492303088203
-1.05357522286,-1.15950353873,-0.0546489440828,-0.0784171733184,0.220352542377,0.104384354263,-0.0387946791005
-1.04899331452,-1.07232608775,-0.149599454896,-0.174168158635,0.230242724775,0.0654675537899,0.0406506202135
-0.995594300402,-0.379016190924,0.00447468818319,-0.237428038985,0.172832708818,-0.287923104271,-0.256548914939
-0.896190606333,1.13208285482,0.335030983659,0.00590501521953,-0.160426039246,-0.487941796166,-0.672272497381
-0.789915512724,2.07927575593,0.810856391714,-0.236786705249,-0.568638543961,-0.591616623927,-0.119830617026
-0.698785256273,1.85908336103,-0.221333046154,-0.311402128206,0.38572759875,-0.787277050005,-0.536951323875
-0.645084036802,1.42442007058,0.779454179579,-0.92138458254,-1.00184605634,-0.857645499407,-0.346749064098
-0.635814108484,0.864165515638,2.81768550086,-3.0875900709,-2.92913906603,-1.00184838059,-0.552707466189
-0.650675487175,0.244678835483,-1.46880982145,-0.366238911174,1.62081944358,-1.05552318789,-0.654532564193
-0.671920507004,-0.183004528099,-1.97529941305,2.2467875289,1.46484384131,-1.14155920933,-0.583603679647
-0.67165109545,-0.448346960568,0.558715749208,0.0672558344828,-0.851709369353,-1.10176154294,-0.807405235483
-0.647287040687,-0.512908339313,-0.488222066655,1.12033015801,0.395274307385,-0.105903294627,0.0755243455067
-0.611809275271,-0.563822991601,0.273424450426,0.338778369981,-0.461698460687,1.38079892819,1.97666883246
-0.577430107724,-0.662577141549,-0.910045325479,-0.335720183088,1.00050187636,1.52996258862,1.78699001413
-0.568095077295,-0.798402408846,-0.980573343906,0.422357606582,0.923068780646,1.64631900433,1.22434466051
-0.599662801342,-0.944761440137,0.262903808699,0.604106243618,-0.302335196288,1.87593574175,2.22840151005
-0.665595016135,-1.05427635712,0.0534776068616,1.16938299996,-0.137652251659,1.08584446741,0.758418641336
-0.732713073643,-1.15821900349,0.558262259248,0.135621239157,-0.478008266513,0.421696714607,0.319491367614
-0.763559335926,-1.20819220024,0.085367037888,-0.13936851576,0.146351248337,0.101108723954,0.00695769228248
-0.749582350245,-1.18812341547,-0.242389563966,-0.125468264547,0.319629450897,0.0526977084932,-0.144825309849
-0.689744640421,-0.716176523444,-0.00914340844984,-0.320998788871,0.159706742194,-0.243754324618,-0.278707880744
-0.581949727143,0.658224221681,0.264920940794,-0.00177603149151,-0.0959085117125,-0.513146553926,-0.934713497866
-0.431695103167,1.89902171518,0.779111857099,-0.236800104937,-0.532018326856,-0.591108480718,-0.416784698555
-0.255482908196,1.92742971627,-0.154295681106,-0.337708033277,0.330903582846,-0.791156563526,-0.644598380777
-0.108003413815,1.47421098267,0.493792040132,-0.739337578554,-0.698513091978,-0.876271882646,-0.533327845802
0.00199823042933,0.957597972015,2.790641001,-2.97756614983,-2.79575657579,-1.0080725551,-0.551288470704
0.0919926114698,0.336488765163,-1.09702438238,-0.801665057802,1.32500104164,-1.0878018499,-0.840422355005
0.171921903588,-0.139426343569,-2.24993217583,2.15505725735,1.72556568338,-1.16206975033,-0.770471097305
0.262628956466,-0.427576544524,0.56156263934,0.00986252071551,-0.819884056381,-1.1696074428,-0.980806678877
0.374542252832,-0.509479642864,-0.435883848661,0.846371842661,0.344758845347,-0.299457278477,-0.30363507714
0.515915575779,-0.552744318806,0.204180855595,0.292777702538,-0.355377892426,1.23685808236,1.61236001999
0.678561764677,-0.650084312821,-0.827437495157,-0.529238412935,0.954003336358,1.49564881258,1.83099354511
0.820883012577,-0.772484561519,-1.14726104415,0.289581109424,1.05467100147,1.48854287321,0.962858686799
0.920028811934,-0.912121253997,0.345686993658,0.479622326205,-0.385887797117,1.79124649475,2.05870925999
0.97196000523,-1.04357350805,0.180173569711,1.10101338148,-0.259080174686,1.0450524336,0.854997611945
0.997311979126,-1.16101778268,0.520551603718,0.195020918251,-0.524753349202,0.330906912179,0.111418607206
1.03416561694,-1.21669539993,0.0577366454694,-0.126584755621,0.0928676522943,0.0737845211567,0.101213618423
1.09235956937,-1.22715681745,-0.234474862246,-0.0571678156135,0.327107560294,0.0260239216408,-0.154824730899
1.1892414405,-0.839451463522,0.0453977680614,-0.230747294163,0.0881996375005,-0.253880916923,-0.394485692693
1.32815710397,0.493787765067,0.476757322155,0.0763598882127,-0.324667164151,-0.526494545553,-0.945896586343
1.47704592219,1.82092613989,0.517842775213,-0.293783767091,-0.293251926207,-0.594632587515,-0.380159075372
1.62857977356,1.90916990285,-0.419956982803,-0.287432753832,0.410879026553,-0.777464368696,-0.579594797756
1.76196945055,1.48660397753,1.97455002098,-1.57154796456,-2.25295222277,-0.874699236976,-0.417507345715
1.85175635914,0.985804544304,1.61971375953,-2.77178978911,-1.53373077801,-0.989496106145,-0.416777583173
1.88901548794,0.327771452035,-2.81514028248,1.29450258904,2.68943244914,-1.06527194548,-0.543223088453
1.88795975449,-0.1619780604,-0.386507837702,1.16088173827,-0.111069118813,-1.12460477934,-0.602830479632
1.87952578221,-0.438698290433,0.160954095172,0.00939690657226,-0.246447541725,-0.877434383533,-0.709279378026
1.87000942811,-0.524633093443,-0.256858141318,1.02785948044,0.126551678703,0.520551961322,0.992385128344
1.85784231254,-0.546033047328,0.171634010384,-0.512220941735,-0.169002777106,1.62627650111,2.55732896673
1.81964342006,-0.617140574256,-1.50998989333,-0.173869447068,1.59731262156,1.44875038611,1.50082214269
1.72134952669,-0.72262275928,-0.326382543512,0.259262890735,0.304927711032,1.78705073515,1.84414900944
1.55157303379,-0.866785078142,0.242603324871,0.874437208643,-0.327979347387,1.61313567539,1.98528956903
1.34277382637,-1.01061214804,0.304612045384,0.927659543153,-0.415973308616,0.733924405864,0.372153155015
1.12207219105,-1.09400011309,0.476048376756,-0.106275456827,-0.28463959476,0.232085294248,0.419045233428
0.906621802759,-1.16898375386,-0.223806730654,0.0150658119225,0.377261638418,0.07918419473,-0.0901864627417
0.720529353531,-1.09732307057,-0.0516745113171,-0.192993731071,0.160244360098,-0.0176552624801,-0.00341403817102
0.586961875508,-0.237365045333,0.275082984689,-0.0832147670802,-0.0744307849332,-0.386387971708,-0.528274877311
0.50083351149,1.29997372199,0.770223309258,-0.0962866004248,-0.564248172584,-0.522206520137,-0.669306808337
0.437077408181,2.04366730435,-0.0758053380211,-0.365896003628,0.227962739305,-0.658657393697,-0.366184166751
0.381221095471,1.77907572673,0.127303229604,-0.578929164486,-0.521698449403,-0.822655920277,-0.665923193282
0.309493490407,1.34110532594,2.69497068521,-3.02989910112,-3.00799603562,-0.90410729405,-0.427703520629
0.21007289834,0.736851894208,-0.713684227797,-0.924107331948,1.027459877,-1.02509485685,-0.688150900491
0.0850500893871,0.153534460802,-2.5240390952,2.45787247126,2.0198188566,-1.0816846761,-0.650031109956
-0.0458540742264,-0.23086184959,0.432450609809,0.160735260737,-0.750019432899,-1.08395541219,-0.75380265035
-0.14416225503,-0.435615922245,-0.391362731886,1.09253049074,0.366579995447,-0.209911045323,-0.25343634897
-0.223004574957,-0.472674088569,0.200413008148,0.667824319725,-0.401263664633,1.37877968082,1.95980868428
-0.297968051488,-0.517540783337,-0.535825513089,-0.273788300329,0.645307616986,1.63146115626,2.01594668383
-0.375263695122,-0.635829262789,-1.13873466664,0.502789779254,1.0870975977,1.72150903108,1.21638541224
-0.482988606272,-0.770488581124,0.106163582124,0.565671429578,-0.144480812201,2.04182466806,2.37058212872
-0.628824654642,-0.902514631217,-0.158002902532,1.19996875626,0.0464203485613,1.33467203346,1.05920466108
-0.78588318139,-1.01976196567,0.34329087566,0.288963366707,-0.311080445696,0.626840809338,0.505478416693
-0.921120459435,-1.09561520924,0.145964561014,-0.12694830577,0.113988410662,0.142432347751,0.13309941886
-0.991490923576,-1.1214085988,-0.293523762086,-0.104198059846,0.456726634986,0.0999924511859,-0.125473213968
-0.996552572803,-0.715237962599,0.062235047376,-0.278100434057,0.19013492497,-0.135056583615,0.112252760027
-0.954199881781,0.645398947637,0.434672971263,0.0419101562957,-0.199708792168,-0.473933721809,-0.765441688637
-0.870418614974,1.98213386193,0.574762749632,-0.32381111397,-0.291517532525,-0.528194976308,-0.19547566316
-0.789286083926,2.08842436608,-0.453264292904,-0.310149238368,0.498353125245,-0.749675469103,-0.407774612569
-0.735687837834,1.70834024903,1.26764212037,-1.48668925596,-1.80232623629,-0.836704761658,-0.56885573745
-0.728766613785,1.2131862624,2.11737212047,-3.19223905842,-2.07155895113,-0.953521835763,-0.416869647319
-0.765853196212,0.551175348911,-2.49874997619,1.09528766275,2.57316080194,-1.05090637342,-0.608042592958
-0.802559410714,0.0316922400311,-1.16092296305,1.71459710509,0.522419773637,-1.10657463716,-0.564368119934
-0.822609928999,-0.323225489415,0.397787801225,0.078073184146,-0.44755058247,-0.917872607598,-0.706764616325
-0.812279263616,-0.453388002271,-0.453171652504,1.41026713279,0.306718233177,0.433627326839,0.601151801084
-0.779510111408,-0.482053759178,0.270705412805,-0.0585092749438,-0.329570549403,1.63103095714,2.41448581441
-0.751380182228,-0.570864568634,-1.26631514772,0.0575032276626,1.32486478484,1.51983716416,1.50618221121
-0.746613343787,-0.707234074989,-0.597443098769,0.478473382702,0.472423372441,1.87799316825,1.76052921604
-0.794487884575,-0.843536791546,0.162835920452,0.866533037169,-0.191441289664,1.78171888238,2.09435481778
-0.878578763772,-0.975936426892,0.0119126060879,1.00721818615,-0.106528051706,0.927257125508,0.535077052913
-0.944432614413,-1.08627102126,0.479495566268,-0.0729183445901,-0.276197008745,0.339521351675,0.546417223677
-0.979334288941,-1.15774353218,-0.183433916091,-0.0240328992402,0.407191605571,0.070934129066,-0.133988422956
-0.971917667177,-1.09827683236,-0.189091477065,-0.245498066319,0.37914381683,0.0381307952284,0.142077427819
-0.918825322458,-0.32472782443,0.0780920242215,-0.177056063254,0.184529296213,-0.34127789229,-0.362006397137
-0.837527841239,1.2415014615,0.577651583682,-0.0158130658963,-0.368002757227,-0.514675832394,-0.618614794359
-0.737221639633,2.12554188183,0.409046221511,-0.353299699005,-0.09511392275,-0.630159516842,-0.13145764594
-0.644460500095,1.91785245018,-0.499247550939,-0.28628694115,0.400392231494,-0.819617615601,-0.627788905623
-0.587519576396,1.50062001445,1.88973471293,-2.07090475263,-2.41789971668,-0.88800052915,-0.369694977887
-0.579154374525,0.898342617654,1.34363690083,-2.75496324982,-1.16506120772,-1.02882408311,-0.537853512054
-0.600365310348,0.277161785981,-2.87497347177,1.81174875284,2.76370757356,-1.07961118034,-0.576521847224
-0.623904467753,-0.171393072644,-0.450246169015,1.10661850535,-0.0864542111016,-1.15959221883,-0.60015968042
-0.634080891969,-0.439394520686,0.14517048055,0.282255115828,-0.124182525977,-0.776236054206,-0.582372601877
-0.620966020238,-0.499795661925,-0.239011051394,1.25114696063,0.0461551116439,0.727180607533,1.00989893876
-0.596953152608,-0.564599501616,0.116760056182,-0.33034195224,-0.092078329122,1.61453733762,2.33784578085
-0.581278649808,-0.663022547549,-1.36213476308,0.201680629339,1.40899465722,1.46591551115,1.27119926619
-0.58943462813,-0.771284938049,-0.216917873553,0.438352878336,0.140897277564,1.883350906,1.88135171382
-0.640156468056,-0.920767136176,0.15225506688,0.989341455624,-0.186454508939,1.55298964968,1.74066733819
-0.716969497952,-1.05024744228,0.213520900556,0.787552736872,-0.232754868073,0.70686252682,0.373679790686
-0.776813477938,-1.13250215631,0.430559727496,-0.181054338164,-0.197427888315,0.210312596124,0.39556001084
-0.802243154904,-1.19890987382,-0.247621140429,-0.00743807474756,0.368728847388,0.0462568749723,-0.211938379205
-0.779722791361,-1.06735425804,-0.079743319306,-0.289646874616,0.269362138781,-0.0512495508968,0.123523115303
-0.714180396103,-0.147767009797,-0.00729580612229,-0.150388169619,0.237616803714,-0.43411492925,-0.607376823252
-0.608593330424,1.3532408123,0.571010169666,-0.0859258665604,-0.379046828327,-0.550942476765,-0.542376358214
-0.462973964879,1.99110431406,0.538887931105,-0.343452962947,-0.243201265416,-0.709267584628,-0.208102107824
-0.332914158776,1.71671539976,-0.407755403084,-0.334042365069,0.417892443324,-0.869040641973,-0.619533781835
-0.23435033121,1.26859148283,1.86298572176,-1.66601343358,-2.08090635722,-0.955060647229,-0.401109134314
-0.165098827314,0.666123242829,1.8220972919,-2.89502223027,-1.63227086488,-1.08842696281,-0.718443679672
-0.120647146418,0.104988973913,-2.73329574164,1.16778924085,2.65066414421,-1.13406942456,-0.757107525418
-0.0612612432176,-0.293421026508,-0.723545507003,1.39170058639,0.15372834776,-1.23468023632,-0.812517941391
0.0251823831083,-0.504700662133,0.287681713133,0.0038314731583,-0.377874307393,-0.972812827762,-0.816688001582
0.150710988396,-0.543555997043,-0.366357780161,1.11945131997,0.25432341171,0.379314410438,0.480767726865
0.309089661159,-0.600960477893,0.148239526543,-0.342046187452,-0.134240080169,1.51638875536,2.13279408515
0.455505885155,-0.709587012065,-1.35816695894,-0.0837529400837,1.39374485194,1.34602443491,1.18942233797
0.580747085453,-0.829228918684,-0.326882510158,0.350914147383,0.294597172591,1.64917150601,1.37430537524
0.663944370704,-0.978100487415,0.369305117884,0.827810693113,-0.356556242873,1.52678810341,1.90205705064
0.701348751059,-1.09662804402,0.352229496565,0.90465683529,-0.404117367401,0.635726057,0.253530419896
0.732280664639,-1.16880312489,0.566436432844,-0.114808271397,-0.338866195321,0.150944167384,0.288734377945
0.783675561469,-1.22149559449,-0.156598684955,0.0585965503003,0.297296909672,0.00570838346821,-0.0725244386414
0.879184247628,-1.14225054877,-0.0821980136431,-0.150538479422,0.140615471692,-0.0842355656054,-0.0931286853125
1.02523275132,-0.423338317998,0.177437209437,-0.0464168138066,-0.0135299296304,-0.440783840856,-0.647380627872
1.19596556255,1.0308592727,0.69921072441,0.0407558969168,-0.485779968741,-0.59475187957,-0.764727073711
1.38884862958,1.91525514773,0.179419681725,-0.314332510816,0.0617082528495,-0.716298385754,-0.487937236134
1.59215105491,1.73212742981,-0.0728640387901,-0.301229469597,-0.0455711621728,-0.889617726343,-0.797172263963
1.76585925197,1.24692680848,2.67152349033,-2.381870156,-2.72121921068,-0.975469056014,-0.515251707377
1.88179897299,0.668450877139,0.192781998052,-1.82346314873,0.211800764138,-1.0947293527,-0.6558904429
1.96265358542,0.106810596181,-2.65407622659,1.9579130109,2.2642639663,-1.14378253405,-0.702743460751
2.04872554573,-0.297753768637,0.438268842409,0.287985759045,-0.760387611025,-1.19244471446,-0.843656008112
2.15367097954,-0.509419284644,-0.187320614175,0.443373575381,0.284214861858,-0.630839743297,-0.5449518779
2.26277767661,-0.550827932473,0.0131918110023,0.610839913614,-0.154281046488,0.943974348109,1.54195243455
2.36366699552,-0.622233652181,-0.39037655866,-0.709660789362,0.529939700462,1.5388881585,2.32772426839
2.42720512001,-0.702118520989,-1.42440846602,0.0464963660427,1.448979742,1.33877796831,1.11309611579
2.41418490683,-0.815160869349,0.113978616223,0.25521593364,-0.101241575471,1.7363496482,2.15385806929
2.32158194372,-0.956904464321,0.270596958115,1.02023727481,-0.260687115971,1.22055222748,1.34478917289
2.16930905967,-1.05009907373,0.56655414456,0.50225629666,-0.507882981656,0.399228394134,0.142607757317
1.99785410477,-1.14242047957,0.276860207939,-0.165475520484,-0.0158795698418,0.0764374662629,0.24705124182
1.83605223506,-1.17858901799,-0.15184391376,0.0402608492282,0.291626981393,0.014598856021,-0.162830463469
1.7158498231,-0.971806689772,0.165347746388,-0.213433438847,0.0416566854767,-0.181494627286,-0.0572198374754
1.63419116254,0.0143912422071,0.474759999333,0.0324344385677,-0.289173512653,-0.504703789889,-0.71012056674
1.58754743138,1.44842239162,0.728835807228,-0.218800215252,-0.503080770011,-0.592170562599,-0.351481357267
1.58536277481,1.93089838365,-0.266700754226,-0.346502350266,0.414149675577,-0.764941145401,-0.42378535233
1.58462782703,1.55442160523,1.45496793801,-1.12950817297,-1.70465953097,-0.881951042829,-0.564112643685
1.56593839935,1.05818436085,2.45612223137,-3.01013521723,-2.46263640399,-0.975486386871,-0.343431644231
1.52358347408,0.452946499852,-2.26709575455,0.567640442932,2.30682094031,-1.09042584949,-0.757539398157
1.45945824657,-0.0614738558085,-1.0628023061,1.71060139951,0.604469602412,-1.14510551356,-0.557819959274
1.40284482313,-0.39664468723,0.478666442629,-0.0279527341118,-0.631707922834,-1.00239123462,-0.644253252535
1.36190556311,-0.51598475355,-0.383347823565,1.27144992025,0.280893402461,0.230091928998,0.15886135632
1.33861757635,-0.525436269422,0.478420765776,0.0355135489228,-0.536334972036,1.58262743156,3.0712762503
1.31873897926,-0.608071877423,-1.07029479365,-0.0527908052862,1.09734321812,1.49069529104,1.6195764311
1.26817918744,-0.704881664094,-0.581509699709,0.375554107841,0.461548690726,1.75767574375,1.65280819066
1.16643828717,-0.830781776607,0.17648965907,0.664547221981,-0.249940629464,1.79520366623,2.72899209797
1.01444756603,-0.929189565098,0.123459785133,0.980174944975,-0.206811798306,0.945241884351,0.136272639694
0.841332167824,-1.01595254121,0.547440457923,-0.0687996860824,-0.447903245272,0.351660134643,0.585705730013
0.704864838726,-1.10833033874,-0.0959446373577,-0.0840579033766,0.233902105158,0.0382124950513,-0.191485389462
0.615887110203,-1.06635461058,-0.0884453440366,-0.224950831001,0.193176116675,0.0403004008643,0.137416221844
0.570685676272,-0.496148142226,0.0142861579287,-0.24908059451,0.162308522645,-0.30156638182,-0.0258630447169
0.579401909349,0.93864348972,0.490274490786,-0.0493444592307,-0.312921842274,-0.535561516693,-0.679919019798
0.619571238498,2.04433707661,0.805156246688,-0.344602541791,-0.545592305615,-0.623913039181,-0.0260690445954
0.670631779428,1.941827427,-0.262875408049,-0.290809687239,0.305075460258,-0.833213759661,-0.735869307538
0.70383981241,1.48883356988,1.41568994928,-1.21483318995,-1.65567463943,-0.900787671321,-0.541588845136
0.6983699392,0.942248001675,2.47843450058,-3.01179761039,-2.46207222114,-1.04704708544,-0.690836425736
0.653997331959,0.326963307797,-2.11930341402,0.432577682344,2.07153837108,-1.10919142086,-0.777305540941
0.583110509278,-0.122978319434,-1.19587605248,1.70037758637,0.668598217245,-1.1775762939,-0.611917763435
0.50893520674,-0.398111427681,0.537881775887,-0.0590746717515,-0.72526117862,-1.04951473641,-0.728273183658
0.440804703641,-0.469824747352,-0.361204813888,1.19085872426,0.198253551094,0.170621269933,0.45718813969
0.381316348698,-0.527140227341,0.470103393172,0.102492753773,-0.587490783818,1.5166211995,2.20453853715
0.31668315685,-0.613492958908,-0.962863698263,-0.0051697098875,0.988844160914,1.46357491258,1.55424348714
0.218645937448,-0.749885354698,-0.560677756967,0.438495736618,0.453080460633,1.71074288028,1.37645269913
0.0683892324994,-0.905752478283,0.253085491659,0.625262536571,-0.322651061516,1.77020819274,2.05947012023
-0.122085525588,-1.002899022,0.0972508568629,0.95860490477,-0.182316411438,0.925487252901,0.600753620393
-0.327336140447,-1.10771238275,0.55835534262,-0.0728904131149,-0.418613323171,0.331352089467,0.470880044429
-0.521788260131,-1.15419586077,-0.0661769103526,-0.11744908911,0.200519932675,0.0337356186458,-0.107274524157
-0.678662506693,-1.13265274179,-0.153524298998,-0.22047453759,0.243848124967,0.0137777294666,0.0878473998318
-0.764933142371,-0.597267140174,-0.072522561567,-0.331909705181,0.297011610354,-0.325754741966,-0.21554254116
-0.794184701034,0.880418627602,0.0565908858467,-0.111174029428,0.0835453062174,-0.558614109584,-0.805355867243
-0.786893199771,2.02343552527,0.73667500819,-0.175674200189,-0.489762250582,-0.650194075823,-0.22587113484
-0.758394054284,1.91239791076,0.441030168565,-0.229716594079,-0.178310420889,-0.849757096251,-0.741480948965
-0.758829606042,1.44955242853,-0.237938777972,-0.393226687573,0.231434027161,-0.917965424427,-0.508308749198
-0.793989810595,0.918004973002,1.98143109552,-1.80795608957,-2.32616471999,-1.06499614502,-0.556774233445
-0.854334854707,0.299603126415,1.53623197161,-2.75203248416,-1.48692267354,-1.13030793783,-0.755830565155
-0.923618558038,-0.162230543183,-2.79819949271,1.4922977652,2.79861166133,-1.19466199473,-0.610396156574
-0.958889878613,-0.420180178245,-0.465354286233,1.27078683371,-0.0722561320291,-1.28241175147,-0.810421306777
-0.962500431559,-0.48385512705,0.197700257046,0.134181202953,-0.262674881523,-0.93363941993,-0.606756397927
-0.946995143427,-0.531895174347,-0.319482092235,1.23616884372,0.20149858905,0.477772102406,0.739256258374
-0.920286732031,-0.624638677368,0.136159615759,-0.299986290826,-0.188274856535,1.50905637954,2.27230538266
-0.909870184227,-0.75890453336,-1.43591672402,0.109340882708,1.50877482838,1.30666058929,1.25738449955
-0.932016550328,-0.897264458005,-0.288378063288,0.402398932876,0.272651986657,1.69052515199,1.64839528166
-1.00101324616,-1.02156479817,0.205335057194,0.938144537288,-0.253805801185,1.45245007458,1.75074185783
-1.09977610409,-1.12048101138,0.272391412877,0.885293958981,-0.342168387826,0.569463936485,0.202777925776
-1.17029107523,-1.16932147402,0.490644090989,-0.178957325463,-0.282147867442,0.146448598889,0.344688742086
-1.20052372919,-1.21092772618,-0.281632713917,0.000485435912449,0.465484640953,-0.000660753813823,-0.238099510152
-1.18541564893,-1.11480489259,-0.107719618774,-0.264110480958,0.338307002174,-0.101491070373,-0.020681383892
-1.12469589602,-0.343379155151,-0.168118467454,-0.203716400601,0.398169121176,-0.455565590455,-0.471692845578
-1.04207870842,1.14130336114,-0.0347327227972,-0.141747480573,0.201650682101,-0.590709161079,-0.50794406152
-0.947240539275,1.95009201899,0.669395802137,-0.117116104068,-0.366796522609,-0.73085224206,-0.25459156865
-0.863449487743,1.71719811618,0.699361370625,-0.13808299695,-0.349806863754,-0.89173859939,-0.613300347262
-0.807092885871,1.25561869855,-0.243679826397,-0.410255538106,0.372937005138,-0.975693360791,-0.415025000462
-0.793898153989,0.678129012015,1.27931985578,-1.41675191409,-1.74858384951,-1.11589860666,-0.863937095261
-0.81244242268,0.126561994241,2.15589641827,-3.1556101645,-2.23540151054,-1.16441035523,-0.841465199929
-0.829686735296,-0.253278812957,-2.40326156724,0.89412136545,2.52076335887,-1.24471669341,-0.736262029301
-0.830095092991,-0.446284652314,-1.10744224289,1.75900840436,0.509116297883,-1.31465736532,-0.711565897813
-0.797018707857,-0.462517183414,0.497804791227,-0.0481358707807,-0.593781705001,-1.11353148522,-0.59809039918
-0.749807551728,-0.507502449406,-0.437099094722,1.31714137419,0.328504075885,0.132847253792,0.269819914235
-0.710863344468,-0.595865559724,0.211191902687,-0.143385668077,-0.357963348187,1.40227556699,2.23038704265
-0.689284250616,-0.721357181348,-1.42934539307,-0.0418750490773,1.47204327721,1.24352080372,1.37682181237
-0.704162472143,-0.865318579708,-0.634304448015,0.375253267713,0.515594457792,1.5128226089,1.32916168789
-0.755766062668,-0.962971857275,0.326093202449,0.780590659462,-0.415881379221,1.48945467625,2.05769636271
-0.834163850091,-1.05445215171,0.263269401047,1.10399903629,-0.439493396403,0.595551977652,0.289830711845
-0.911970982521,-1.10745072229,0.605042548188,-0.104999100424,-0.503200443182,0.135573844103,0.218696453956
-0.946130601674,-1.13475784641,-0.164960778612,-0.00535378168859,0.308629818054,-0.0113319195934,-0.197372748296
-0.941183458823,-1.11351554384,-0.112783012603,-0.217175370566,0.140910434059,-0.111897929632,-0.133695948001
-0.901845964971,-0.544911395825,-0.100693928374,-0.277006587932,0.244758805111,-0.433797026553,-0.514510198437
-0.826898899675,0.883542962898,-0.0824777582868,-0.155641130508,0.178409044382,-0.601153487527,-0.750000801611
-0.7431145741,1.89931125468,0.398421768576,-0.268161789342,-0.237894600105,-0.719045610738,-0.238768148159
-0.659958345195,1.73555226699,0.746891379769,-0.101171166504,-0.489357186869,-0.884653079405,-0.639893937872
-0.606166576216,1.31676965147,0.00832931856119,-0.418516982706,0.167393237955,-0.968365507195,-0.364745454788
-0.602910375769,0.783479533496,0.481294035484,-0.765941692244,-0.659080395706,-1.10320333332,-0.536486906192
-0.625552764941,0.195161530242,2.86446514389,-3.01221888894,-2.87260875366,-1.16734543676,-0.674047876183
-0.650061196847,-0.169261007113,-1.06649006552,-0.82028562036,1.30696462496,-1.24160460017,-0.770165649985
-0.659383295699,-0.374292681011,-2.3558847212,2.33746588286,1.79332644974,-1.32612041456,-1.02653632719
-0.646252514079,-0.410973571708,0.556440853267,0.0361267321957,-0.799272355071,-1.3028003717,-1.0199661523
-0.622101577541,-0.42989372745,-0.519192008485,1.04990311645,0.438386278409,-0.455588174196,-0.692785005114
-0.594284196896,-0.521131513609,0.141084756007,0.480602673538,-0.332515843375,1.10133539624,1.38448560654
-0.578225085769,-0.657885694476,-0.956108146422,-0.393390038167,1.03158590067,1.31074202006,2.30313367168
-0.590565934073,-0.802055407404,-1.32434496516,0.361935651532,1.25368248787,1.301072058,1.29464093029
-0.635061879012,-0.912768234908,0.18176339155,0.476075056511,-0.181823794206,1.61320383117,2.42338484554
-0.707252363376,-0.997811957971,0.0828642553433,1.20536901325,-0.228690435385,0.849145779377,0.903692508073
-0.781866049772,-1.0667852574,0.552212057431,0.214975457776,-0.574518243219,0.194145853501,-0.153183669609
-0.835359106028,-1.09717433967,0.0487010277199,-0.118157956691,0.111468751397,-0.0091129733078,0.0601472908194
-0.847696457992,-1.08778562117,-0.245962519501,-0.0386147387384,0.337088131707,-0.0855468495473,-0.396395664864
-0.822619517952,-0.811572914082,-0.0521981842223,-0.296874277258,0.256703356829,-0.350798394881,-0.466046718229
-0.766583535283,0.306475357935,-0.209510765467,-0.0363208207954,0.346672811728,-0.595331298048,-0.769543199969
-0.67570362707,1.66492757025,0.298887963364,-0.135931912105,-0.169914204759,-0.685833529145,-0.481347948988
-0.575918241729,1.88928029356,0.757273065373,-0.0152150596078,-0.511709954496,-0.868429290531,-0.525045636048
-0.486771851647,1.44840872773,0.146520660394,-0.317489925398,0.0393928921815,-0.961699613702,-0.520204323823
-0.426362304841,0.975000058963,0.202074788812,-0.582111601971,-0.349424207264,-1.09079080044,-0.703544372221
-0.394727557714,0.383431676987,2.74606522821,-2.57369841741,-2.91119867372,-1.18675252361,-0.826448337395
-0.373977617818,-0.0490370666829,-0.280514616309,-1.58927018906,0.490565495851,-1.23933238899,-0.844728234652
-0.344819740302,-0.311137027185,-2.65967724128,2.25522829428,2.28851607717,-1.32871903088,-0.812142026626
-0.27663302638,-0.402659749274,0.471241959924,0.270227535169,-0.830170038228,-1.3413177042,-0.744708988986
-0.173371776358,-0.421879192267,-0.347548840676,0.655760240034,0.289996037277,-0.710252587451,-0.712113683467
-0.0685794396852,-0.494550051622,0.110995292015,0.714686881497,-0.303479030791,0.849549283533,1.02825750719
0.0286423122049,-0.585719654462,-0.544135082616,-0.509317846518,0.63380920155,1.32191689955,1.94309859526
0.110538063703,-0.719095082249,-1.43130437885,0.28998987154,1.43777822389,1.1448144337,0.771477455927
0.16047389,-0.844245509249,0.188254455536,0.343567148056,-0.183033175334,1.53842263288,1.958712586
0.172653675013,-0.956227406139,0.217562365741,1.1148979613,-0.256915267508,0.945831757886,1.34767847516
0.16816447821,-1.04412407034,0.582444331754,0.412946461343,-0.565812609778,0.204623142159,-0.050178846495
0.182133006192,-1.08763271043,0.214021831137,-0.167703134035,0.0478093905923,-0.0187232265261,0.317461520486
0.224267591526,-1.10314247196,-0.228276363219,0.0441874604353,0.383647515145,-0.090088832557,-0.245027173977
0.290633655325,-0.899952515474,0.00882733831106,-0.276596940339,0.226917434005,-0.309283821308,-0.423776096569
0.388577496389,0.0537526439881,-0.0252248476836,0.00568089725585,0.276411506468,-0.598129482995,-0.84585311804
0.528615683466,1.43613239999,0.682620928008,-0.0536508312525,-0.410347243106,-0.681481188757,-0.681021823137
0.700283919965,1.91378200568,0.518825358623,-0.213399259231,-0.149523772829,-0.84697971373,-0.231446347753
0.852275699179,1.56203029331,-0.204898445058,-0.254603124754,0.273737459317,-0.963542435114,-0.309462549762
0.970561996428,1.11152305898,2.09061740151,-1.66332656556,-2.35102866799,-1.07552325294,-0.27161692075
1.06196141321,0.500541592238,1.59016148135,-2.67046486791,-1.53938194717,-1.19046624601,-0.857457521136
1.13430241541,0.00932389481528,-2.58307325237,1.27836526803,2.57466257121,-1.24595562519,-1.29361864515
1.2125224837,-0.242398892612,-0.219889705612,1.18228330455,-0.150920882624,-1.34166327788,-1.32737750859
1.31535599303,-0.37523698152,0.337070423972,-0.00161953639803,-0.324103406907,-1.07551934038,-1.15057433867
1.45964936918,-0.390008580417,-0.180249198526,1.03823448783,0.166549059693,0.253480412251,0.395685099913
1.63263388981,-0.452885817286,0.126183436107,-0.416816626034,-0.0589671368007,1.36425641396,2.49461132534
1.78680891272,-0.565087899409,-1.50317245799,-0.124553894451,1.64567387993,1.11939745959,1.52137081669
1.91296908345,-0.71109278716,-0.2975083501,0.237341508914,0.336489013543,1.37878704527,1.43345606036
1.99586933975,-0.842020716598,0.340114322625,0.794107439932,-0.290181735375,1.26519169835,1.92050737547
2.03337528619,-0.945393372946,0.445110039291,0.832132835408,-0.419106557556,0.36981637021,0.0949160706294
2.06136504824,-1.03635697601,0.501255148085,-0.102930174032,-0.308506695525,0.0045794705209,-0.0226524243005
2.09347688032,-1.09133334172,-0.249616361611,0.0451832045527,0.398535571641,-0.0568068749589,-0.144915891465
